month,temperature,RH,wind_speed,day_night,daily_cdd,daily_hdd,burned_area
9,28.91580703319824,0.4627354148955529,14.276540524846919,1,12.604370792239559,0.00025987880702946627,1
9,32.35984790288448,0.3873101717943786,2.4270120193809226,1,14.963251459164802,0.002706454913773552,1
5,2.045212791726337,0.5556574313971625,12.295029975989078,1,3.3319279497297782,0.007041695084701612,1
8,7.358243144581699,0.5008121956981132,3.4692924866004105,1,6.254179763862981,0.01029154519980667,1
6,28.75722124539361,0.5129244897855855,4.584622122179946,1,20.92359430403691,-0.001843987221275291,1
9,32.75452695685843,0.22353107502310682,1.2419309414671513,1,17.36239489851397,0.005404613925793672,1
10,26.035355821420314,0.46301723726232685,1.5142147736830562,1,13.079631237528268,-0.0021682966833658896,1
1,28.28106336566278,0.4867825877345699,3.3850550419003014,0,14.698050591125245,-0.005785033041828903,1
5,20.57038687125641,0.46862247654880396,2.441507785655076,1,5.844020030338931,0.00540875757498265,1
5,13.603782687159523,0.5405097621940421,2.628310769337496,1,20.90963900599548,0.005277219482750108,1
7,14.185254899434232,0.24670131488927743,6.092678309749196,0,11.168335621381932,0.007471855197755536,1
6,14.064938434563697,0.405266152915206,2.849015286445863,1,1.455205997827996,-0.004849251007645173,1
4,20.524893243504177,0.36788644475429805,2.279697607344103,0,5.776670245320338,-0.0052020108811313874,0
6,20.202906082777524,0.6075427698113263,3.4982132562879378,1,14.489179181628941,5.3081729220886545e-05,1
9,34.42351163817649,0.16189791865759595,3.9223220532952214,1,21.610471128746102,0.011210582571103602,1
8,21.185280035176365,0.4831992890206479,3.573265903383393,0,20.482767871010914,0.003866468134027011,1
6,23.777470311206162,0.3933518226066681,7.684828849849905,1,9.513233747227506,-0.013943085593317377,1
7,30.95515910062204,0.30633627064598756,4.093579786409356,1,15.097486477317752,-0.01285163501733016,1
3,11.912348636827641,0.6371264418685052,3.827032602537834,1,2.657386368402866,1.894607850419903,1
11,14.923380548152426,0.7888214700451713,1.0146526017155524,1,2.909490396149431,-0.008881394443808083,1
6,28.09509695734012,0.5404774106284845,1.673216023122285,1,11.472982945524794,-0.0115708137896021,1
6,27.788870332323025,0.5524507389528526,0.4503540297350156,0,17.575990681732367,0.006950302674365439,1
9,31.131791266167774,0.539681988735183,3.20312155822579,1,21.204201234442554,0.0019270770984594911,1
10,20.933335266849582,0.38980628810307655,4.591762600737055,1,4.432204858545849,-0.004813642303240491,1
11,11.144523292485683,0.7379635655069512,13.285443690224813,1,4.18380956621515,-0.006109761019741595,1
12,15.062892462487154,0.5329833400170565,8.761166138458295,1,11.339905828701328,0.0018305063356380256,1
8,26.917017288487486,0.22407616249793166,9.202731993965957,0,20.401228402777942,-0.00033144305689930363,1
4,26.274731067497896,0.2695951298077286,7.389859575654057,0,10.679850421229546,0.0020888853499881374,0
4,13.596298219658232,0.6457602141517365,5.2985578370971,1,5.70938169815883,-0.016621303142490423,1
6,25.231111473041356,0.5463125289080146,10.038807086454868,0,14.910978537756169,-0.002289764402348209,1
6,23.63911914888704,0.4685997380694188,3.0269983226733572,1,12.902603353149127,-0.0009612579614213093,1
8,33.530635473576055,0.5067180286237397,15.508492467322998,0,12.873014779683873,0.0033149307755603965,0
9,31.89950546002015,0.3626571291479959,2.728222355869511,1,19.95442463006874,0.0003757818347604142,1
5,30.269230584214522,0.32621373722342817,1.8857016986992672,0,13.723454657253765,-0.0028888094523770416,1
9,35.55302519014025,0.3441976360783115,9.090204651479473,1,28.0664250192973,-8.006532915617572e-05,1
8,31.76053625657595,0.4583635616594779,2.8438042200480522,0,12.53568998809261,0.0007187456018949832,1
8,31.149155628897873,0.46160960359497333,5.835762783498277,0,24.598751423544694,0.002483967510045849,1
8,29.487261844457855,0.3692827590209534,3.0390757179658814,1,16.25311544235496,0.0007011457723500439,1
7,34.236195407154625,0.3317250420875364,11.7245327452373,0,15.21781461308428,-0.008937230942780202,1
10,9.852119404093195,0.4473788536623933,3.5677310387010435,1,3.9711270934962135,-0.006578904964797721,0
8,31.954325028717214,0.45354980282846313,1.865285063650039,0,19.08540441601964,0.007539712389978858,1
1,20.91101267823187,0.7441603163725555,3.1651105909881947,1,3.229829408892093,-0.00047080567721615135,1
8,31.18835361373124,0.39253617619429443,15.086092774550936,0,12.244005393284205,0.002641486226273242,1
8,31.72159870683875,0.5148983249736574,5.923043931381027,1,13.668824923910115,-0.004936314791650008,1
1,2.8272642683370908,0.7647795876336821,6.464335340869836,1,1.7390674872213499,-0.0026182789711750843,0
5,22.672445697672185,0.5265248868292864,1.7529698171067802,0,9.148188290016693,0.001702919862946675,1
8,29.754749433382397,0.3762862570376973,1.1414561772757368,1,15.570889892426958,-0.0038472943075330054,1
9,28.637184670316646,0.18696567281329232,2.779519560467699,1,8.995491911646246,-0.0026213365345282044,1
6,31.44103701579749,0.5548968666555207,5.128841670472068,1,23.717848710166926,-1.6233870749834485e-05,1
5,19.778300265985983,0.5235876904462043,2.4374222463661983,1,14.54162806415155,-0.00934181988015439,1
10,13.314009707604562,0.4511313570370207,13.13478689901392,1,15.846536310780325,-0.008281218171908654,1
8,25.662109548966857,0.5842205236382119,11.628202523309053,1,22.45851973939358,-0.011406512175154546,1
8,33.35973392724246,0.2614442064939809,7.484046223886674,1,20.69432015888679,0.0021471434778239586,1
8,28.212667196079604,0.5587486798370929,4.997084265042329,1,17.767084746889562,0.012606163779151663,1
8,29.715487302186048,0.38879528276094055,3.618195217412056,1,21.49759706086304,0.004934753849186406,1
8,27.607321894987965,0.39897796126756047,4.889367004651454,1,13.857162960789239,-0.017240940299367073,1
3,21.614303053381363,0.4877764576480745,4.355264727523417,1,7.630592522382708,-0.016223306484189695,1
2,10.271556372039575,0.7388350568749305,17.18357586120257,1,0.2517684977496017,-0.011475858050523566,1
4,22.524983973094937,0.4487351129047167,0.8666740561434422,1,8.455135556829172,-0.003703201949638622,1
6,33.10048337216377,0.40522571831682697,6.296580365126567,0,14.557597824881245,0.0009778845237049247,1
6,11.752900706981057,0.7472372558299027,5.813243687189035,0,7.68776441085176,-0.0019577864488558912,0
6,30.892565777383705,0.2538227773425145,6.677837467996025,1,10.657698212910637,0.000850515016305552,1
8,32.26295329180721,0.4819217739188326,3.607043730329354,0,12.399653948646385,-0.007476514406603584,0
10,20.77477586561797,0.32760349793777277,1.7459508306880989,0,10.27838176342596,0.0005126269121397452,1
10,20.52520528902946,0.3478657488657076,12.129332082466007,1,10.727693148513824,0.006311317472598415,1
3,11.771657425022628,0.6185220796837722,6.701407882682583,1,4.335679754730639,-0.00176179933802298,1
3,25.831458724262244,0.33822502281468614,3.3514072899656204,1,12.112034393918606,0.007126952218316038,0
8,27.09704930442306,0.4690650099555384,7.609166043438719,0,17.34948099773033,0.0009745014368512799,1
8,32.7186728981697,0.22554907486468623,3.27571290719227,1,17.090406866111557,0.004523853523954935,1
9,34.76671428812736,0.3007755431173189,1.2118657087894988,1,17.070041407868953,0.009639133639706636,1
9,27.2267311278981,0.2503083423290838,3.7342983382025494,1,16.29198236550957,-0.004743905920570933,1
4,20.821457840288858,0.6742100928195957,6.133966900607382,1,6.001846786233525,-0.008095532555003837,1
8,27.240862734321503,0.5250588760915325,10.450525998529848,0,20.724757027961523,-0.004756744704451742,1
4,26.209252353739867,0.32627522571237133,4.624114404553727,1,11.911035760828138,-0.008338020259623899,1
3,18.202157105632157,0.5491802787557546,4.3317972195622145,1,3.2807532232605605,-0.0018925046301145935,1
10,27.50792094144205,0.6824972917643255,3.856222793060823,1,18.25061388757607,0.0006578636901648816,1
11,12.514723272874052,0.6238891104852137,5.427172808994804,1,2.2715427883310393,0.0026920071511544632,1
8,33.67680248955527,0.25299101404508567,7.649936524438364,0,16.3716663941155,0.0049115539273316,1
8,29.295783590540932,0.35794167456548914,3.0464126438292087,0,18.060319247328785,0.007393841591715775,1
6,20.139060977616708,0.6023707338421427,8.827958539858521,1,14.236428632829657,0.009646111187076601,1
5,21.784749046783894,0.64634540179446,4.413388468759574,1,5.19312067789228,-0.0037774043817452793,1
6,22.77646178252657,0.5274334783895467,3.214149674550344,1,15.684302414054809,-0.0009198800053265744,1
4,15.732678570094697,0.733471974908665,3.2573897810636843,1,5.481304142360147,-0.00024904626836121774,1
3,28.453222197825,0.8412513212628164,4.121835604043814,0,17.093701181135483,0.0008906254860498214,1
10,19.33259096453051,0.5307529053883826,9.593934003001737,1,10.421730368569783,-0.01470671314900994,1
11,12.12614114950835,0.4038959110490624,6.15514437389923,0,0.060944421186979625,-0.006414224530058624,1
9,4.286437132998405,0.45343138194989974,4.563269899966213,1,8.260933256913244,0.001421701612019343,1
5,23.972559857308397,0.7171527389131458,11.511128947061449,0,8.18418337787719,-0.005535285286621463,0
5,23.886855489149127,0.41722478997646956,4.461806402184984,0,18.92911180912093,-0.006198312277891199,1
8,29.76746673389533,0.4237572671362849,7.27521039994364,1,20.607028663166844,-0.004920145210205797,1
5,31.671794386230548,0.47983555322900084,3.70112143271541,0,9.319860418610856,0.004711000822984672,1
9,32.978283163869826,0.38467154473908527,3.341144957156889,1,17.759128199956823,0.0026502528935201243,1
10,20.790873471288045,0.8468399077723635,12.300248018775196,1,7.0605215902010405,0.00937307444694581,1
9,32.57800744463909,0.45484538656460727,0.05758132272113614,1,15.255146181734622,0.009276426912565262,1
4,22.20083813925964,0.29559287737844314,0.6976612874127864,1,13.049927612873761,-0.006815898566189485,0
5,14.997731647512172,0.5766541686334868,2.3018791345315823,1,5.687585205931079,-0.01122694249095659,1
11,20.43596797666593,0.4929766933598165,2.837225340901984,1,12.230428837386711,-0.009575333573867995,1
7,21.2224455819946,0.738488580795904,0.7881176561549731,1,13.699054820253375,-0.004170813284515242,1
6,13.740758836891871,0.5477884055957535,7.24159881621855,1,10.216830560106613,0.0018655179950832186,1
4,25.06402760263734,0.45077026127615777,0.8560344796967683,1,16.271787997151215,0.0030449866598097094,0
8,25.37820015008637,0.5197010343672166,5.274697409656691,1,5.249459628448187,-0.0026481038151284714,1
7,28.922889042313848,0.25414907233448863,4.586620371753827,1,20.43117778277148,-0.0076880001033643045,1
2,16.67004853319784,0.6482354155501602,4.732937104866282,1,3.985194932217807,-0.007096539922172834,1
9,31.443640949378967,0.25721078951220055,3.3637105052101135,1,15.577222110378681,-0.0018802076801507836,1
7,23.253840960815406,0.6529373844202314,4.792809100615225,1,11.30094485241855,-0.007479700527055643,1
10,18.27120162753013,0.28023672075521233,3.099624153761717,0,5.168199583322993,1.383053974975682,0
10,19.918894731833667,0.5010053208774733,6.187792006553237,1,4.65984653175866,-0.0009660148763322608,1
3,-0.8747574986304851,0.708726623445027,7.569185540040015,0,-0.6746621962907333,5.572806217930248,0
10,5.746464307214664,0.35675115202954755,9.288550920197189,1,2.819415094373581,0.0065641078801475005,1
9,34.53874924088055,0.359140029562515,6.49901732372836,1,15.783057301195884,-0.0037606923618836038,1
6,23.897484486800394,0.5277742928059026,10.932460986368147,1,13.983629162240225,-0.005077464441279665,1
10,15.402032773314222,0.5019211159687744,2.806590070607741,1,3.980198492208535,0.0017419232404639192,1
7,31.03709902012132,0.348695169874545,3.484587659088419,0,20.789894664762954,-0.004797895066121318,1
5,10.786193949347176,0.7373938648312713,3.5013027536071637,1,5.4146426312751155,-0.008240403912497744,1
9,22.736223171938324,0.7609201134569874,8.67126750514438,0,9.386451505397158,-0.004751649571530496,1
8,26.04208943817245,0.4011726697088891,10.267376917198545,0,14.132507456061616,0.003808513062424424,1
9,13.964496435170165,0.6729256282018321,22.090567932616867,1,5.228790279438471,-0.005339762835146157,0
1,17.182018378636606,0.6262805773254658,13.053486278476852,1,0.614800937918761,0.0012495363532698787,1
9,30.553411537931126,0.14828659970037283,1.6012023254423522,1,18.516691845519695,-0.0001225745323090254,1
8,31.058814486329602,0.3424805968206151,1.6515191145516632,0,14.144233827996272,0.004624837744673026,1
3,27.048898593345562,0.7432451783833707,3.8633240278365952,0,13.407592121517759,0.00469663829493118,1
9,27.394838953338123,0.21124048294387365,1.7794656881867656,1,20.932545166586973,0.008583832997540635,1
7,26.186074620887823,0.27765787303506323,10.600671993235446,1,20.58379288142383,0.0016986310328959645,1
12,21.69070652710393,0.6015828087175071,7.070556702165434,1,6.364817948712275,0.0016452297640480126,1
8,10.208184462681448,0.4599908364987819,3.806655874931885,1,1.408386997675837,-0.001856207601180172,0
9,29.782307382857255,0.20549677070099778,2.4479666441003207,0,16.912562789930025,0.0011775198955955607,1
4,18.801086283567212,0.11321728034302558,3.07476195125611,1,15.222777282316748,-0.0011205301319981717,1
6,30.922827295937456,0.5300317269882924,3.2690097979206736,0,7.388678994236017,0.00047832211523855805,1
10,23.507277842515276,0.8258585174437069,2.308943425795742,1,4.31572884009579,0.0026806755884336213,1
11,12.631967447268863,0.37884865282771696,5.69868412124436,1,2.3189705943685555,-0.011298112345729356,1
1,12.125028527829024,0.4901105942853742,5.508113107226243,1,5.966851256228616,5.490442521394423,1
6,15.669778163879991,0.573938531659366,9.991316984865781,0,14.759314640234072,-0.005452459856878492,1
8,31.225269885028116,0.6977178964888726,7.116721959762768,0,9.988278136943702,-0.0006387290050759991,1
6,19.34768856407564,0.3916006509270585,5.53963851909565,1,9.084949959720527,-0.006536611291248245,1
6,28.97164980873779,0.31469980804494846,3.6265903723867665,0,10.212812478525036,-0.01327755879112377,1
2,-4.67235971079694,0.5779400577423403,23.309854907994946,0,0.5655726497521136,6.752102134433345,0
2,-0.014907428006749157,0.3885939821886156,9.010626882331946,0,-0.5037529652153809,5.858565190304343,0
7,29.158315668926164,0.14534511765523328,6.342321568212865,0,20.65183894182634,-0.0037776183749099698,1
11,18.914598166432988,0.6140413940510911,10.666881019926096,1,2.475107737863082,-0.00959728258276009,1
6,27.416047610442227,0.5298402867495093,2.5719894772933523,0,15.127500405871416,-0.001265451058530227,1
8,26.783658228772047,0.40934817340318347,2.2421403268772737,1,22.32290025444665,0.0008001089968877629,1
9,34.8370498490184,0.8459051975471872,3.2503555254034673,1,13.636188495054526,0.0004116716822564663,1
11,20.234392018352985,0.8857603762696875,6.536765988209595,0,4.835734465118577,-0.0003242430281706163,1
9,32.05887391580784,0.07941528318594465,0.5138864703813503,1,20.22862179392336,0.0029017041310385756,1
10,19.270369264781237,0.4586639552579512,3.449880013586197,0,10.922524768216475,-0.0034875641406824096,1
8,26.57148688576132,0.3660508055148592,2.7178678650019865,0,12.285407313851664,-0.006307099793614755,1
5,27.407004809577582,0.34767478679484787,3.0661026144841106,1,14.583049637782981,0.004876548111390905,0
5,14.106884490710538,0.5124953657763865,3.3903183529493672,1,3.843639423846059,0.0009720531092170315,1
10,15.613740514261774,0.5483572919520915,4.48447681181654,1,14.404473164032268,-0.0056745948368349675,1
12,16.82529291719009,0.8182897932434264,4.655801460669385,0,3.9882886746393673,-8.735659572914078e-06,1
11,14.53726305192018,0.8004974999114409,5.376536470886265,1,8.79736524068125,-0.01531460526484753,1
4,21.11183637600362,0.4485284655443062,4.864124147124145,1,9.538449050045122,0.002342612733258325,1
10,16.17155589112003,0.6369338353891152,1.678088686491291,1,1.9506071819746382,0.004086257652178404,1
7,18.40627504558872,0.46081091225949544,8.676626633318394,1,15.954518717016573,-0.010596874074051979,1
7,26.356194701978822,0.2996147247151417,2.4157189602356004,1,15.87891589114952,0.002983352396875594,1
10,25.370902384843383,0.3784696931734263,4.551239555751999,1,8.089796722227204,-0.00018073484441331685,1
8,33.059346157475474,0.4723539884655353,2.508102703704618,1,23.165569442775837,-0.0030767284970007183,1
10,12.727106665947788,0.49777058253714984,3.8897922982167286,1,4.231242791248314,-0.003936700329340441,1
11,14.353782904380942,0.5895770110679317,1.135062560330526,1,0.17124039016003678,-0.000988451314099484,1
4,16.345005600576634,0.7062776837238985,14.002235085015803,0,16.066389088183808,0.0030970948014124628,1
8,14.44294633405065,0.6263781122729825,9.343804374632825,1,21.977672189028347,-0.0041031217254193925,1
8,31.246217269907163,0.23902709550985218,5.492839551072211,1,22.07882967490218,0.0007352161238208003,1
10,12.251586143602433,0.45223002910499843,13.139808359342812,1,2.615103331627551,-0.002506919910472452,0
4,15.241204050012948,0.5278766119080605,2.1102648745637214,1,11.516821909285907,-0.00250894881553391,1
7,23.25011444968412,0.4516427903109632,2.6353540958394435,1,16.58642712649211,0.000676153556990878,1
10,20.472062274926355,0.2968404472351274,1.99279223136953,1,3.9513099524399418,-0.006502614588084168,1
8,3.3069752726390416,0.7375974051811277,17.353692530184574,1,-0.8403119337074281,-0.0011561512286623915,0
6,28.792189250110983,0.6304105718248784,6.014034694031554,1,8.882148813611542,-0.004797903932128142,1
9,27.974888066105102,0.3427010524956066,1.915822785843294,1,16.459769683848023,0.001500487064403122,1
2,-1.0376718114621006,0.3131635268983365,7.3001384910136835,1,0.6784257215255579,5.899797622881136,0
9,22.133804867034534,0.6518750307461094,10.484916634717601,0,20.495755825039094,-0.006398997566339857,1
3,10.37335263809355,0.5247737610645622,8.408749426787482,1,10.083577809839117,0.0032358234266788837,0
6,22.372149148162904,0.504754691513065,2.7936487835799673,0,11.433402578865602,-0.017584942976113693,1
12,23.960544388807055,0.8018166443165886,4.3137048864461045,1,7.154616400491929,0.002081599507380907,1
8,22.920347323891963,0.60216060467641,3.8759579449679524,0,5.869722864099753,-0.009750285680512234,1
9,26.620667037939253,0.6899504737873076,3.0056217964980254,1,14.890490773075124,-0.00554902477619546,1
8,30.940297936805706,0.46594820254458585,4.587843633319738,0,22.948109612818907,-0.007396372152925603,1
9,28.110475628595264,0.40332334433087375,0.5386490983096839,1,19.440047317344302,-0.004281959561054114,1
7,28.445549292593522,0.36885307578510595,1.2353167664664508,1,21.40477613054432,0.00673863482146453,1
9,23.211788647124646,0.5511460318954665,3.205725976027944,1,19.700258541469623,-0.00074802001931205,1
9,32.30712359605573,0.16778739451898655,1.339276338851948,0,20.065809237227878,0.004765284561761778,1
5,15.507487299665307,0.23422656634067168,4.721541642792513,1,14.170072999040325,-0.00710846550735084,1
10,20.873320983314457,0.6464349918716723,4.9253981946661956,1,3.162970344697601,-0.001240983398449762,1
10,20.15249377135113,0.6671035671879113,8.953936273545464,1,6.991141054729894,-0.0029419901793052627,1
9,30.03264547980929,0.38477453642088255,2.803133465246247,1,21.568497093595088,-0.003409889457903486,1
2,-3.1039498470616316,0.3667793639393273,9.764710898434036,1,-0.3608772478392672,6.138690428589449,0
5,14.689900294910812,0.8766492403858863,4.362681800523388,1,10.548817961103573,-0.002146805482826127,1
8,30.201619069050405,0.272177237396066,1.522417002528328,1,21.71282853990675,-0.005878954279111278,1
8,28.073004070739927,0.700374677692766,4.351461456881985,1,14.104196552244582,-0.007193728282969608,1
8,32.33931784667866,0.6090608350387394,2.0287572395254276,1,15.455335774874417,-0.0010076004783368011,1
6,29.661299008379096,0.50412051688973,1.4513566444825563,0,7.840110043050542,-0.02167135161303944,1
12,-0.7072621696194723,0.7511316732489473,8.129858144697385,1,-0.08037595040342305,6.602689523012552,0
9,19.143711389679254,0.49304573423212994,2.3591264017669857,1,4.315943878842359,-0.0013563714547531348,1
8,29.626664635704916,0.2880299803852428,4.003213469914001,1,18.902552150914484,0.0030763668834601268,1
10,15.791256353814155,0.563085385340555,15.320561281085233,1,5.969757077622218,-0.011932087447640577,1
3,17.254891557685305,0.2861089182659119,3.025065617654596,1,19.88705740421744,-0.0026360311348372608,0
11,19.303956553192922,0.5645332980174815,2.262539361335279,1,3.5447819399620863,-0.0015690536594346952,1
10,20.450428907730156,0.8152825911047284,12.46283647251159,1,7.1960823233468485,-0.005864777534200766,1
8,29.50330531597808,0.23099259364530256,2.2329165760305556,1,24.318449482276204,0.0017278696121481587,1
5,19.702813395391253,0.4686832412540582,13.449062692852353,0,13.262510436371983,-0.010086072792936105,1
9,31.93897972560535,0.27585066137787156,1.8088533683443928,1,22.848423174588646,0.0053018145916786585,1
11,14.966115415373121,0.6842808842611725,6.337803593856915,1,6.746672265826161,0.002007855891127357,1
1,6.435685976474206,0.3670201052851941,3.906396029582802,1,11.313622797270227,-0.0005672313095509236,1
9,32.62984117517115,0.23949946395122895,3.7068673981080464,1,21.740368038436692,-0.002104928511597347,1
9,35.0144930885133,0.2256701975147307,0.8646261937923666,0,17.858381104064435,0.010404286148572812,1
9,34.80791718879727,0.31538866328078413,1.7744481121018394,1,20.46701991333114,0.0006409037243623854,1
6,22.39694804838857,0.3701250848347042,4.67856652215656,0,13.755469235607107,-0.011171309104140785,1
10,21.180595423226997,0.7215440857764576,5.773136836100051,1,3.638139886449985,-0.004259402424694,1
3,21.154614800223666,0.4362201630551105,9.819788750301655,1,9.41072049771247,0.0032568731403788756,0
6,25.06439023190926,0.3217854225020443,1.2860789698502952,0,16.2676206091007,-0.0010112540791486354,1
9,22.70986191832321,0.6826975367219404,3.6811512023516935,0,21.88336812328976,0.000509704152390371,1
9,33.028740153749865,0.4173443129355602,4.8719852997855755,1,8.92922751558564,-0.0025930392632504467,1
10,21.98591581711696,0.5244247336655761,5.636868294625865,0,7.951234033072639,-0.020753690890801986,1
8,28.269521724864404,0.15047760170633845,3.582138405748003,1,19.03245590476305,-0.0012406078021607008,1
11,13.856302440545717,0.8220337488806356,10.863200665966907,1,4.943338674027366,-0.0013789410841228635,1
6,14.307587948023052,0.6829352717669512,12.612808102746753,1,6.000885510433071,0.004594377772230839,1
9,28.152878130644616,0.43126193362420373,2.394713666234944,1,5.115208611150099,-0.0026752781260419916,1
6,19.718569775679757,0.41897699170370756,4.543104278914379,0,2.1883019742738776,-0.010029942909738195,1
11,0.8089919898254117,0.8036957843098459,6.961662310033224,1,-0.4020104602562957,4.849743264757176,1
1,13.231015911214024,0.38874336507325064,10.595247163651287,1,9.674188292470884,-0.0025842373334764262,1
9,25.622537226138036,0.42942287092399783,9.387756532954473,1,15.929098529757013,-0.0018281523315886604,1
6,20.075262724561842,0.4387602562680049,10.897891806512703,1,12.13285888172246,-0.004366540460148105,1
5,13.958621532970223,0.5082411506828246,1.851019106480561,1,6.660756232243768,0.002463733468973604,1
5,25.23685173705068,0.5687354469671159,1.5516912849178304,1,13.476502722779566,0.0010660399347998829,1
12,25.744357279550574,0.5866482039478027,4.40422466511289,1,16.64452029896988,-0.00254569398081322,1
9,33.32158600082104,0.48058958783594297,2.5353758719967865,1,18.796755141204724,-0.004043226610323736,1
7,15.836673676284152,0.5377582267521708,14.983261678139261,0,12.907893262000236,0.004573275869990684,1
2,4.305340542027141,0.8156739896615557,3.6281843997912313,1,7.290126956208375,5.088847179084156,1
6,21.74020430838755,0.6321271529284177,15.925605659949385,0,9.431673194345679,-0.006424216922748832,1
8,33.84394132478457,0.4574619476189895,5.720632935045099,1,21.0063133620787,0.0007692451173847275,1
4,24.836276652425497,0.2570658348533559,3.319872880430982,1,8.265033598044456,0.007851640272040515,0
3,20.264579604129338,0.47272702535061306,1.233255320773576,1,8.410145565302841,-0.015678453288867255,1
9,27.589157135246978,0.3780090936853949,2.7353626304877228,1,15.374353950390171,0.00746971123610553,1
7,31.936646256703327,0.4061214818082757,3.6084279312016276,0,17.64509610741065,-0.008867710165276576,1
5,15.689930697335473,0.730582424973771,4.505956686042682,1,5.1722849704420835,0.003741119723558087,1
8,28.7752300072787,0.4496152617743437,2.0226219602423106,1,19.952632118725326,0.00769116796654002,1
8,30.43258218261534,0.39634628714097886,3.024251532845928,1,18.678493838430672,0.0017400381057631079,1
4,11.549714662891809,0.34808728912414477,1.811953989466103,1,8.375593497876121,0.00040398032058714604,0
9,34.797786789669644,0.49626173328019996,4.5949299746172825,0,18.829435612959923,0.011009777994563139,1
7,31.79314781952116,0.3952218651468451,3.589752514379307,1,20.11103002729252,0.0015805850887970646,1
11,4.281840523129194,0.4662318942144027,11.954871916618313,1,-0.24051637299328688,5.157582074671737,1
12,9.837237450014754,0.5207767910975285,8.811154418942413,1,3.7089247043507285,0.0026304984228169596,0
8,31.44778497174251,0.48068798437109167,4.44640635256607,1,18.605274975417775,0.0033549529378617037,1
3,14.585371722636244,0.3870782075408138,8.607163919317697,1,5.083745341654589,-0.010832564775441023,1
11,11.65513138703887,0.6691175536885795,7.163613099380031,1,6.2459783029866625,-0.0020196179804418263,1
6,25.56608009838778,0.4044065706214012,4.124904609480778,0,20.072228093725762,0.004163797732853737,0
3,15.406681919663546,0.2752972146627124,19.771341267135195,0,0.5519895883920621,0.003699062208190359,0
5,18.94122308053788,0.17481949315927262,8.00958977922896,0,3.0285883263303375,-0.0019327619430968745,1
5,18.7871876064077,0.45116921454897213,4.126405773867555,1,5.280574950099364,-0.00557641146827243,0
6,21.53507450092423,0.5904089233224447,2.2971936215009063,0,4.880629331772373,-0.012544477046939458,1
8,28.763600388882544,0.46929524020490104,4.4851672098222855,0,17.79120944780546,0.0011072160884893093,1
9,31.858274168726787,0.12162333052148647,1.3872985124862938,1,19.812897770445463,0.0028614647515700967,1
8,30.02320978228033,0.707290848278523,4.002630183829938,0,18.555643107308242,-0.0029574103816727474,1
10,20.508231093360948,0.3170423274876017,7.38448623060785,1,4.109189996162184,-0.007794965251685355,1
8,29.298636149770513,0.6487632000704798,5.202205313732788,1,19.724006906987167,-0.002489071429736149,1
8,34.362491936403615,0.5468936205962527,5.255689450859277,0,22.196769993260656,-0.0009188607167921235,1
10,6.7916147639612685,0.3401371380951661,2.8660084575314615,1,10.936540376093575,0.002107391930230918,0
10,27.015904338497215,0.5426823735232817,5.74480508399317,1,11.062585718355669,-0.005157572036930974,1
5,21.403411212979197,0.5864284609342535,1.1117802071631788,1,17.135906087640368,-0.0043728760280239976,1
10,27.85558771798824,0.7854396649460578,4.046158235680512,0,18.340674301956618,0.007932309650124175,1
10,21.77246176630376,0.44815165960139364,1.7380838148630269,1,10.273821033398056,0.0011903754039892407,1
9,29.018240450373007,0.1627957894391531,9.475312637471674,1,6.17025385874153,-0.013047840554331173,1
7,27.169756036112187,0.22181975671573645,2.5144073681845827,0,20.506849288566645,-0.007250350632546524,1
8,25.437355897455177,0.4621177134884879,4.451021746846693,0,15.525014296347567,0.005462265538162715,1
8,28.202609043745326,0.3874936535647541,4.37403328092182,1,18.239186607988305,0.0037600063330933404,1
11,15.737326403002086,0.8029365621916029,3.982889781245397,1,5.432179568445936,-0.004943727982355247,1
8,30.812827622897533,0.5508455466202943,9.745685102940147,0,14.456900241198248,0.005316640167088514,1
10,21.317477598538428,0.6897948770107645,4.437512921116703,1,12.873958464146257,-0.004680628826872485,1
9,31.385452281200067,0.2764151386337391,1.5087196902594588,1,24.455405037699485,-0.005794425367057296,1
9,14.876974674604858,0.2320289903877759,2.379724537757166,1,22.28261363711844,-0.0038592339977218653,1
3,21.85592874867527,0.5353732546714101,3.589738250261597,0,7.145571098970872,-0.006340289690157907,1
7,22.896889892606875,0.4381624518016956,9.609798454184093,0,14.808837225442142,0.008783331853076207,1
5,14.268623644431468,0.5258298481235923,16.649943673711334,1,8.53209206317052,0.007859132853806853,0
3,15.452572311570979,0.5613240316656464,2.990465290797501,1,4.825850626634526,0.0059268164886840434,1
7,30.40407211577797,0.27357760313573937,4.102625901034359,1,17.78214755610519,-0.00638108379955331,1
4,27.285384043558448,0.4126342026612989,4.560110759854709,1,5.482514815300322,-0.011772096324510402,0
10,19.742298507707677,0.410473013733047,9.07158789913223,1,5.564656140345429,0.0016392338246835,1
8,30.726672278926365,0.39605675068293544,2.5558423486080537,0,21.678444216824456,0.0007338477362676806,1
9,33.12070696932056,0.7550497457159019,3.621146306653573,1,19.665021817547643,-0.011767503732975916,1
8,19.026722172872834,0.4784219689551633,2.7553829144761814,1,17.906444048498933,-0.0010341345225075682,1
10,18.97353967598051,0.7760999748685655,10.048631298095284,1,3.642401491863168,-0.002614093208453695,0
8,34.44118456001764,0.11582789000847,4.1961608608216165,1,25.126893403807916,0.009724315009262753,1
8,33.28251113952607,0.258735990298446,1.572368798460805,1,18.39957949751796,-0.0020222818124919282,1
7,33.22246307394667,0.40517608202806926,0.5959244428761693,1,20.239870624984963,0.0009384398608480645,1
8,29.71205951347125,0.33453635227878553,4.408894329433832,1,16.15276019827897,-0.006824351094694604,1
9,30.517414169231085,0.13638737589481778,0.6778244100425097,0,19.687049530007325,0.0077249958125741435,1
4,23.088726365115317,0.3753375310812897,13.874548660189765,0,1.8935239859265192,0.0005040673870522809,0
10,10.727238552256562,0.5895135220690376,2.3358766830438222,1,6.0878987015991575,-0.00015304456716520558,1
7,28.11245202440301,0.3964651014747096,2.5207707810628937,1,26.016455093008243,-0.0019381629532535256,1
3,22.97891541725116,0.6198825362683982,2.7970010763965973,1,7.896179137397557,-0.001762860437839609,1
2,10.217302977864536,0.2173327344847464,16.213287422066415,0,-0.03739086516075485,7.137096145582504,0
8,27.375592982985253,0.4044082985486961,8.384731776619946,0,22.71038900160008,0.0028677126668785313,1
3,20.58379318031742,0.5283479702278299,1.638047896681434,1,9.080816911932102,-0.009033453714833852,1
9,33.43484894521794,0.41003093744075103,1.2971176069728068,0,19.437604237294984,-0.006166056939067288,1
7,33.77695804692087,0.2925244663252065,2.500483421260196,1,18.678572262917594,0.015867532449121473,1
3,18.002668046973458,0.6511346269787054,4.38910731693428,1,6.072662628234692,0.0011690900358578879,1
6,25.079966141765677,0.43357619263408986,9.864722887652952,1,20.782773286069975,-0.004831994131364173,1
9,22.414419862105618,0.27068700536788676,2.539073581279098,1,14.598067186158634,-0.006452548650553108,1
8,31.14664680481801,0.349151214743695,4.744588285292712,1,19.45142294241099,-0.00942145193543972,1
5,12.549391148406105,0.9025429408040379,10.836047750917606,1,-1.6298272760200225,0.007687468423692829,1
8,27.004184697286195,0.5426572570425576,4.128112929625124,1,20.010322746279467,0.0021246490080120734,1
9,31.588068964009437,0.23341303782696102,3.381201615533441,0,20.692476474511842,-0.001320141021619966,1
6,14.606080040893485,0.8383932847207092,10.924724483478593,0,14.941842940970199,-0.010446980526692963,1
7,34.171848307131256,0.2546970164920543,3.119485534393075,1,17.550835500353212,-0.004016253799565292,1
5,12.113263309110252,0.8452595536424798,8.848718118404967,1,6.135465353404254,-0.0006571605265110137,1
9,30.870018822791472,0.3832044666978214,1.5644470131061838,1,7.961250887763002,-0.00544939665152103,1
5,23.361238116257525,0.46797011322090937,5.001837935953735,1,7.449023376672232,-0.007398637820669274,1
3,19.570687487201376,0.763142089657267,3.997328005323997,0,10.212976366522035,-0.011754152332700595,0
11,24.41164994099555,0.5230296691966979,18.845381685122046,1,5.6695540965271745,-0.003395247247634749,1
5,21.530492123994847,0.45933999322148833,8.213773860737486,1,15.996543546633209,-0.008764226939635236,1
3,4.37740483494993,0.28424923180402784,20.04840905531348,0,-0.06006237520313251,6.1785136811433015,0
3,1.3598668880773541,0.6868531295321514,8.753596989219036,1,7.417972657640664,0.0007072649794344241,0
6,22.776277064966894,0.6068670798251993,4.812595146074902,1,15.732177437601031,-0.010874364773610564,1
6,24.670228502149342,0.3833851174115498,5.32215630187029,1,8.433158422906564,-0.00710905066380118,1
6,24.380075463631808,0.5966975624580606,1.8902927614122007,1,15.72052486794463,-0.004872405390464932,1
3,5.3391351468769415,0.37003734606809524,7.232802456603687,1,0.20181426925465407,4.528661834699431,0
3,26.177891361404512,0.3396567606214114,1.7451806925934163,1,19.559849147501584,0.006341776236039671,0
9,25.81858493871028,0.3198516576385113,2.7881177057099578,1,18.797038957173825,-0.0082374168741989,1
9,18.86456068429206,0.327267298581891,12.903517809352733,1,11.535182249276296,0.005354848626493985,1
10,22.047643998200996,0.4511459932860494,6.474390910092,1,4.351778393576565,0.0039252799842889805,1
5,19.075412047663644,0.5636871917873453,4.632066185887239,1,12.57092849006206,0.009131312142884023,1
6,21.267068539021977,0.40185447917215006,11.931939798191578,1,9.569240531420206,-0.01810640119743121,1
8,32.597388916929845,0.3281892405602622,3.0192141780187334,1,24.074305156624376,-0.0047997714355653845,1
4,18.544190415200855,0.44815484216270685,1.9579835175883522,1,4.748935198257374,-0.002744557103359528,0
7,35.0505595534739,0.25392839335758316,9.810877343823632,0,17.387612418186436,-0.005769412749807429,1
8,27.428154598599935,0.34965308956867763,6.26434444176389,0,18.234473682737427,-0.007038623941600332,1
8,20.759810050944154,0.6995472608592623,5.05833886363517,0,18.34553796549338,0.0026546590974111666,1
8,28.375736107324055,0.5245670485875359,5.302990360433398,0,6.4557618020694285,-0.004414883571353267,1
3,13.783495527149714,0.607150528642819,10.799763974467503,1,6.926682605606823,-0.0029805978105179385,1
3,35.2099029846254,0.7390028165581681,3.355328198867753,1,17.180715875385758,0.0003601854205073159,1
8,24.968191022865433,0.5410237650679062,4.595506621783727,0,10.844452549842037,-0.00585747678058206,1
3,10.137285747150534,0.5391503332036317,2.760363228094907,1,2.0864345660325645,0.0029361066555149747,0
6,26.113923208014366,0.17090291284698564,1.7736631622897556,0,23.04609915638683,-0.007572901602783776,1
5,11.728677141145818,0.2810973973097498,11.827004126089415,1,5.38722906650762,0.00205231891534638,1
5,19.530673174787353,0.3855617707569378,4.238783356028127,0,19.440342920910147,-0.004893613281786658,1
3,22.35163980091031,0.47783846211755177,7.641391953991967,0,8.151514106283319,-0.004803753078629682,1
8,36.43496653137218,0.3510246444184477,4.9186932220675965,1,24.164706984478137,0.0013252881200689142,1
6,22.942540839033434,0.399116989299631,10.837696763655504,1,14.095090293725358,-0.009195168067290234,1
7,24.607327825713988,0.28485255259287223,4.786789875888049,0,14.568971296144806,0.004102691198825765,1
5,14.732735957318173,0.6406147699359933,2.778989896819359,1,7.8322361670028995,-0.0028799442515543274,1
9,28.850918292314574,0.25878689656581205,2.437880636346247,1,18.21431508409914,-0.003160457654939204,1
6,19.2481943801133,0.5466237768559942,3.40683846482086,1,8.69280503598806,-0.005567765499618439,1
5,17.961649523473348,0.6985019341896426,3.934779182770183,1,11.97429284018992,-0.0033035797895868977,1
9,30.043079003348193,0.24333320632038688,1.106546365762159,1,24.03858140058117,-0.005900171036439828,1
9,31.996728580797573,0.2642844352513701,1.6917584240413677,0,19.653288624389777,-0.00887099219980245,1
4,22.25238408143045,0.5971423284679183,8.49626871655685,1,16.176456802015032,0.0015330050586791746,1
10,21.709844404435422,0.5281535179281465,7.410192508669141,0,6.3050735847206605,0.00428571177467955,1
8,33.283147665824515,0.27268819723112986,1.8167522240272016,0,22.92913932994358,-0.0028372947287309868,1
6,25.22449993849878,0.378962202077401,11.39485338115211,1,10.589649806800516,-0.017661675847167792,1
9,33.04337578590676,0.2554210030259691,1.617144557855726,1,18.299879768948607,0.00781086711866124,1
8,34.80573012421823,0.44537612137832205,5.402646228714799,0,16.294181459492748,0.0009680250203669891,1
8,30.77185893818554,0.6183297392212979,4.266463919666361,1,16.280600591437217,-0.003852097265229392,1
10,19.01555964329639,0.5594444020879831,5.7156912583930195,1,6.127250203967489,0.012690390843973342,1
8,31.55505718924688,0.45996172527645574,1.4451246944974536,1,18.364077938399607,0.009802801737666633,1
2,4.388193154771146,0.32611619961933724,10.78437151203006,0,-0.8817658569516142,9.152703471690353,0
12,15.405988359766067,0.5278867549768173,1.6378633376979026,1,9.485387675325384,-0.001140417492053609,1
10,24.405381639860817,0.36094460170912973,2.8661772787614233,1,12.103529896649317,-0.0019258762797976245,1
10,24.206471175059416,0.5591301120833375,7.55401112935277,1,13.484591476599444,-0.004395048702088227,1
8,12.747157591637652,0.7388459366538499,3.8483639199590156,1,18.38779949064999,-0.0008738008491137664,1
9,29.443116288125292,0.4943471918312472,9.13109175499536,0,18.371100765181893,-0.0042003882682763345,1
7,25.948994040241196,0.6189768740444377,6.2555906913459625,0,19.67799205024805,-0.011044318064407683,1
8,30.856040898887194,0.42384831331111195,8.720841551337703,1,16.234375580937854,-0.01440820598327695,1
9,12.473105628680827,0.1676718988666884,3.5438165010008236,1,11.665923337385607,-0.0057756640906185,1
8,14.753677579565828,0.4020276966353461,0.40992915001778973,1,12.417089590307473,0.0015761701196492766,0
3,3.518040807360318,0.44819502443990045,23.016372201194194,1,1.1062247434577195,5.563923535085982,0
7,3.01076502661852,0.3574344702943543,2.194136752385279,1,11.544602672743506,0.0036566790685720286,1
10,13.245398817831328,0.377453417259126,3.377485695568618,1,10.005518454521571,0.01262465746338452,1
5,15.621092373496213,0.6490032111990226,6.88549299078732,1,3.062737828709647,-0.003828210630846088,1
8,27.7573074958543,0.5627487774222588,5.598186734708572,0,16.684510528898887,-0.0019473803763473123,1
8,32.41105986505714,0.3047952153656813,1.6808827069089969,1,18.235887932829105,-0.0003332685475542127,1
9,33.114263379056005,0.32511936401835967,11.896110803007716,1,16.1838035148173,0.0012553508417447456,1
2,0.7505877580338556,0.39116048175199775,7.285653597868646,0,-0.6443267492141156,4.820276358511366,0
8,26.126436322779625,0.3232295740323457,16.999733952838234,1,17.204192747844235,-0.009151777829896835,1
8,32.943367532890726,0.33113433037252865,3.757245100018233,1,16.99905144189973,-0.003734218868509437,1
9,29.78697733187387,0.4602072070383798,2.4749674207335817,1,13.641308225159815,-0.0014829712819351569,1
3,28.879235565080897,0.3986628411044237,1.5222273674324194,1,10.642403658699783,0.0081094008824147,1
7,30.31143444289839,0.47558238360335237,22.37585151071761,0,16.572873436973268,0.0015028495529713082,1
8,31.82726017678141,0.4099075443325292,2.985345080975085,1,4.87862965936722,0.003979150647748181,1
9,33.649323778171485,0.4215926200140898,4.132312963348356,1,13.588441254073846,0.008841272013667318,1
8,31.274328249960405,0.22507812359302068,2.3570335116884484,1,21.239694466636095,0.002761825342886982,1
4,32.312532305762616,0.3907468409576115,3.1392947226702392,1,14.841528335048238,-0.005130247809902077,1
6,24.909153383525677,0.43158388527929104,5.111811365462179,1,4.113519773683775,0.0006769933088871563,1
5,17.878822600890413,0.7144247503712268,3.041199521140569,0,3.6762752555802765,-0.008142826253401365,1
9,29.385825286767233,0.5968659772600242,3.173360987376095,1,20.827799344782026,-0.0012725556517479664,1
6,26.955999921885244,0.41625622628493797,5.479527089353987,0,11.739292906508043,-0.008524931803472196,1
10,24.665958126506084,0.6561396277798015,2.040643511935811,1,3.7900022049365263,-0.0017281193931026827,1
9,32.35387487651461,0.33406755085961937,2.1235473574495627,1,14.411546186789,0.00030038964498811156,1
4,8.13561003913468,0.2946279397500921,9.015667734857296,0,7.024093907940085,0.010676781256286759,0
2,23.13671727589405,0.6629507673181531,11.504506677646775,0,7.155591631159954,-0.003757238649225605,1
11,1.1238061048475991,0.6015038270162619,8.668750491146755,1,3.9473185470883725,0.00454218560506342,1
9,30.595674460859026,0.6433004449537842,2.0872790962891585,0,21.595440924178135,-0.004091801043706925,1
9,38.891341095842044,0.7296364601802733,10.248761597989732,0,13.818819307116401,0.0008068982423628089,1
9,13.118206508738892,0.293794245192014,7.307008214099503,0,11.456561038623095,0.006690236902217188,0
10,21.3000427098086,0.11161211109928226,2.9179665411651428,1,16.186197518582205,-0.0030805892399719706,1
2,-1.1989444049043687,0.7391444919820629,16.19904065552062,0,1.7723059598123043,5.84349319911705,0
6,23.366127804279294,0.35102146269303236,2.59678726643245,1,19.06795680348443,-0.013927331505192932,1
8,26.88650443517789,0.4911590696718722,1.6116754380994815,1,18.37295225641209,-0.0004114991944485098,1
2,4.29153037620128,0.5140468208780666,18.284455143906467,0,-0.6641512677207786,2.005779422852057,0
8,25.133563847503783,0.4464970903516481,5.804472399859815,0,8.526954466598967,-0.0002806814652703639,1
9,33.47638937181216,0.43132717359790473,0.5753607232005366,0,19.22068290082637,0.009494292910236301,1
6,20.589664863490615,0.6036820984612848,3.018853605088418,0,17.714521709316003,-0.019388528952164783,1
8,30.18725683871644,0.5195533560180726,9.604184730093243,1,22.604573342774607,-0.004307236546507441,1
9,32.761562464600956,0.28376027767610335,1.8230267754830582,0,13.263069622473886,0.010451362226802858,1
8,33.897139153696386,0.2373960177840626,2.31869245129137,1,24.55840397480391,-0.011023428946331288,1
8,29.67034423796413,0.37276154372872944,9.489729624990327,0,15.873097405785785,-0.0012441843291632186,1
6,21.265379292256075,0.557475521855182,3.520560503380971,0,8.255487344048706,-0.007756413436015634,1
9,32.58734552037121,0.4019446617802753,8.733771961915192,0,17.69435311517342,-0.004876356808505968,1
6,25.54367485211509,0.3814585433848104,2.0210177391320125,1,14.00325141934773,-0.00996441505930755,1
4,17.421282802470138,0.40274541638573935,14.643894180301968,0,1.708420718173763,0.0012775096122982746,0
7,20.642769769194384,0.5502162294233218,7.884688643758544,1,18.349006372738046,-0.0024857388186713507,1
8,34.5434384430323,0.346468931186127,3.790623824604766,0,17.53931942747446,0.00434771780539978,1
1,5.51544701631922,0.38391156164745166,4.561646420230058,1,4.813627861413216,-0.005185591036494572,0
7,27.362548424805443,0.10572925633924302,2.947965725545613,1,8.601359751058773,0.00044819408911433994,1
10,16.063497305579617,0.5831237050193273,2.9073266736739636,1,3.4278679910498937,-0.008886805931972797,1
4,19.16689278989409,0.4048642080992533,4.9044760294955445,1,14.437365323690893,-0.01105765576267246,1
5,23.011284036766597,0.5585871842723187,4.5555129715775005,1,12.986401656190687,0.013609992415704486,1
5,13.661074955041594,0.5066425237765684,8.326326369540624,1,2.150970790551103,-0.0051786324301391845,1
3,11.627274501071096,0.3987119451921515,11.981002016921718,1,7.506750803086517,-0.0025097000081120324,1
5,25.65407296767058,0.5986413752360736,8.131374783510239,1,9.175259415639225,-0.00515612687781877,1
9,35.136671096151716,0.5041543789863355,3.5298180374644796,1,18.900593790742818,0.0027825204163140402,1
4,22.801482677886373,0.3141420581064146,0.5345812167878398,0,0.7513552936193505,-0.006399710876888826,0
4,22.51463159720733,0.41707148751427153,11.281194474451901,1,9.913012831964766,-0.01084763456903883,0
10,22.4618211869493,0.3987971226014479,8.748552600178428,1,6.007439363286609,-0.007718957781189528,1
11,27.77351197915896,0.3399634641754287,4.305652147257683,1,5.581527568928078,-0.0012683516532625428,1
7,27.28216872850796,0.9014467670301645,2.9196152387245986,1,11.414138572202189,0.00020977168790421274,1
6,16.732547938873815,0.6125796841307617,8.824279429574876,1,11.526619341242327,0.008072926130343501,1
8,31.448959956437136,0.584714168059131,4.169003293609479,0,15.9257483581871,0.00153719998965762,1
7,21.039147792118797,0.2538656780947799,1.436987653787973,0,9.431703071709734,-0.007439178845869902,1
9,23.747610215028025,0.4293034518840047,2.188929520112031,1,9.95127760056498,-0.001266838084847691,1
9,20.701326457344923,0.34148143158572386,4.504024672607317,1,21.000526738719824,-0.009815677316838049,1
2,-1.6545215428006017,0.5856762008835978,11.155428780634685,1,2.8638402727302914,0.0076262921706112,0
7,31.735769025255994,0.33131683325859407,3.396963420771403,0,21.1668344217033,-0.0006761797231483068,1
1,8.227730576172432,0.5656924863192077,3.1604844984986666,1,0.4056262560175269,-0.016167366817138176,0
8,28.156352250424796,0.39572838237513247,6.17763221787543,0,18.405892020138516,-0.009526402888210632,1
9,29.290373042239896,0.37875998426849966,2.425351051333261,1,1.9210620615707308,-0.0035922342022371464,1
8,25.57788527867831,0.7348236479948225,1.3561409566744786,1,13.27966662993829,0.00011028317450129053,1
7,16.18810686632197,0.3708956353388705,4.401155369751256,1,20.898368176558726,-0.009933687091659113,1
6,22.513416523188706,0.602094022450848,2.3607797244543107,0,14.450422327298163,-0.0019604750654250674,1
4,14.204956559955592,0.5240356470813048,13.652305534750457,1,3.707391002559601,0.0017095285642827732,0
7,15.510649349863098,0.5327708774584066,12.721944471932764,0,8.311664815905804,0.003091474357586934,1
5,25.008692250682614,0.29422020355961787,8.736957236580114,1,11.488785849539278,-0.003988619665297888,1
10,23.640855380236424,0.5866564057906752,5.574223197524231,0,10.533431578364551,-0.005756294283711375,1
9,30.483739393171305,0.32285110395702576,2.7770336031500626,1,20.06942810123623,-0.009764709867613179,1
5,26.171331100995516,0.7015677121392087,1.6831156623199526,1,8.701741577799224,0.0006936857832337893,1
3,5.023463157008113,0.34260219752580157,6.622796276343805,1,4.595177876013764,-0.0014870390663157492,1
4,11.496123877079002,0.5279126378187539,5.377308530737123,0,-1.22598159155864,0.010497590392380345,0
6,27.886867625960008,0.6086587841781776,4.2132270209366025,0,15.98339053181795,-0.012068620728717446,1
1,10.191551125175561,0.7612158543514341,1.788768440150708,1,2.4389032774703026,0.002279266525006685,1
8,31.914925465337806,0.2711710399136707,2.053686334853776,1,23.588868639149496,0.009052170941976459,1
11,19.482120294970045,0.45626370575253794,5.149286192407514,0,5.08341422948341,-0.0025751748640018926,1
5,11.599281331060226,0.7376533150858963,11.834694841107641,1,5.763059244477826,-0.012268000296161213,1
11,15.066538247639912,0.7849507554847412,11.617659020447455,1,5.710356266718915,0.0002572065497541303,0
10,21.898293930641426,0.2592167735806141,2.289221499257026,0,5.840317613364353,-0.0017199132992872213,1
7,26.825527320692686,0.598923847077536,3.6922711056999806,1,19.219467795463355,-0.00395764909146274,1
9,28.965168915742254,0.7618148114302757,6.883121738206447,0,18.257219238531047,-0.0013947314422752223,1
8,29.194867848228803,0.549839720389032,2.2186197217934636,0,18.37907174707309,-0.004537953418068594,1
3,10.980624983931948,0.3176783669602212,5.422594079701943,1,18.09500034635434,0.00015417547157014051,1
9,21.64862909072519,0.562207260939607,1.3244951795191602,1,20.05578825235972,0.008015055285805737,1
10,22.16968312025635,0.569192431222132,4.537890683825055,1,14.080332701342144,-0.0068218113867400286,1
7,9.816406768664216,0.4534024053876685,13.970325547199412,0,17.474877858860708,-0.0007294957070556229,1
7,32.03434354148173,0.19182233330056475,9.07196409693393,1,19.338916097950126,-0.0030563195537938676,1
6,24.241968158153536,0.5110239837157621,4.370105903583484,0,13.15223825869925,-0.009350082998513738,1
10,25.790180233137285,0.6723535954821162,7.351004308014059,0,1.6954047489497932,-0.007138623632560723,1
5,14.782933980061024,0.44198829384027494,6.772842923210726,1,15.39276032460584,-0.0015347421122783131,1
11,16.572079988494572,0.6617065709078032,12.377704243068273,1,0.7969342625668832,-0.005395405490969094,1
8,20.716186885857628,0.771066821555142,4.198779510054702,1,11.019673996656213,-0.0073017380080945705,1
7,18.533601267305734,0.7541218909102827,1.8414794968052821,1,11.042972869373422,0.008255858449129364,1
8,29.41925804896059,0.20802845246319343,1.1717092230016735,1,18.53732138514004,0.008957525513136742,1
12,6.225566774288471,0.5596749189001219,4.703771668867974,1,-0.16885157178422394,4.863527346736529,0
4,20.637242450280596,0.4417678398850558,2.4371412292168606,1,12.43213051034078,0.008929000345183593,0
3,7.443422180249275,0.41580943136792436,14.043756620907923,1,9.668926950201474,-0.003935991048794574,0
10,19.464646843647305,0.4758084204456285,7.554704103274142,1,8.917687202681215,-0.006838764803787485,1
4,20.846355687514922,0.40343713295719014,6.9365125849077796,0,6.15156871976293,-0.02284004767647527,1
4,27.04006061369806,0.42333930832777994,1.2180095815998468,1,17.589676405564674,-0.006039832405924094,1
9,34.17867500870821,0.6211037497214865,3.390868527675028,0,21.05365214440767,0.008171405704134,1
9,23.67774621787468,0.571264631371452,3.884058305208783,0,14.374958979412687,-0.012338784882637475,1
3,21.505132854769872,0.6425835674918197,5.736386307323029,1,9.295462953167865,0.0017687705166257515,1
10,5.372783762080047,0.4769108259402635,4.507932530974726,1,3.2642362505530365,0.001557700413934875,1
9,26.64688525662533,0.4134279303132314,8.013856753996517,1,21.568523169743926,0.003027835772610279,1
11,16.349233283131614,0.697049566692811,3.278396182318878,1,2.535016877129299,-0.004596232098920233,1
3,15.253727382461589,0.4757209241716831,13.017603010513358,1,2.5265445924938073,0.008762937619380677,1
9,25.63217711540539,0.2615943274054429,1.6877461989949771,1,18.622664907996736,-0.0006358069505771676,1
6,24.989932811513793,0.7964999062701899,1.7482292359963205,1,9.862407457451624,0.006877000141951349,1
9,26.668290992722934,0.26471374020413185,3.5251586948378084,1,17.377816083180434,0.004440944673147763,1
10,22.59851694927798,0.5949330790506246,9.573139341546266,0,6.884286228228059,-0.002919504172499891,1
8,30.256277064226566,0.36639644943779526,3.020070826746852,1,22.702217944181694,0.007716827802287991,1
8,30.204745123855684,0.18515481587039734,2.8939471925834317,0,15.326708121421808,-0.0039059913027065813,1
8,31.882285701559887,0.4708187257729909,1.7857838117381264,0,22.402501253099604,-0.004847234797093486,1
7,27.72467773686182,0.264731277078649,4.2907053991579716,0,16.91558542196169,-0.013077886645454834,1
6,26.2644917003331,0.7172816611999235,2.8985044218447653,0,15.351926084826164,-0.0029266709285154712,1
9,17.086942039006917,0.22198201536013562,1.1123351124893752,1,16.085087576083207,-0.0018484937722435609,1
2,7.262595420005355,0.3134231626186126,18.03781830805198,1,0.6472185211605872,6.823506703125156,0
7,33.448592351029426,0.2554069913952994,2.691597616335215,0,29.113404233366275,-0.007937089759065267,1
6,28.137312431428693,0.8267278067876764,8.294227660643946,0,21.72382700868129,-0.003946435607832773,1
8,28.03480724428014,0.3764696404035421,4.5809213728276506,0,20.55114958073261,0.000914520684189716,1
9,27.22238250522715,0.8028940321659555,5.392764006904537,1,20.61854514742163,0.00042969546812768507,1
12,9.19623302426896,0.6540414269119497,9.871469184092346,1,5.704048587292122,-0.0026955538776463374,1
10,20.593310248459556,0.760355582844682,5.350144201587198,1,12.16433111271358,0.0018777756525167888,1
6,29.71934849119817,0.402177258477065,16.696647497920793,1,17.68633358533024,-0.002957680391880549,1
10,16.435908473881042,0.6003786784020201,12.780835530171139,1,2.030859734990615,-0.00914017303296571,1
11,18.862622021411443,0.6193612014854306,3.96832334873032,1,-0.05527564423614617,0.012278047374631219,1
8,25.997839614463018,0.6071010292257806,9.348916258064538,0,14.916027043322103,-0.009517139523081487,1
5,18.072326672185547,0.6085368926109069,3.6251700958242163,1,5.789008388683419,-0.0027019642020797634,1
2,3.192857138897489,0.6534073389768895,5.351631809378107,1,1.022060278736873,5.882784303319573,0
9,33.369012301211725,0.35228961538710923,1.139829006864454,1,25.701421995283162,-0.008570603828621673,1
9,28.770135306554607,0.341671486091653,4.0419295793368795,0,13.015655735802238,-0.0009933794033921727,1
4,25.415060580275934,0.3396827169290251,6.868716481299137,0,2.1650604858937808,0.008149356751164988,0
8,35.33970029114163,0.2813628295710689,3.5287012059848992,0,25.727735487443937,0.006230130642116521,1
8,17.36314933085095,0.41449484043782625,8.527511324537388,1,5.724838816136413,0.008011744235257532,1
5,22.142420112776964,0.5516031791453275,5.353088731729019,0,12.273689532936078,0.004640753435921841,1
7,25.663628364479017,0.54097431363996,5.274464425540432,0,17.455105626965267,-0.004570280893948022,1
8,27.213073849639215,0.5674479505255859,6.805926047985757,1,14.07912337760845,0.007094611443426374,1
10,23.69361268105619,0.6527692846556549,4.0439275970450215,1,5.779030299955442,0.0007969887166113756,1
7,23.87126976491155,0.6240169470006094,3.044886189388618,1,11.736115604933712,-0.0020404404019668926,1
9,36.175361766322546,0.31154390724767644,5.865061131408222,1,21.310404165446656,0.005950781708127827,1
5,14.114340083496588,0.6968251769690872,17.52889847641099,1,4.84845691214776,-0.005482064662662537,1
11,6.820206654675502,0.7847830242949074,7.125366188273035,1,0.277781877312119,0.0013808987373671946,1
6,9.646927633268973,0.7719999719851037,11.971061540747792,1,4.768615856237246,-0.0011099664863683239,0
9,32.27773532828709,0.39677878429294045,3.2682661708174097,1,16.42908775294995,-0.004553345611914523,1
10,21.932519979945702,0.42674340792265153,9.205705045100423,0,5.501181055519948,0.0005532780571751217,0
3,18.542884641027438,0.6909562284001689,5.5470038903392105,1,1.5476524300214862,-0.00718341792303469,1
10,14.963165351302788,0.46623142921072736,3.9148405776891075,1,-0.023655426569074933,-0.012061593209309024,1
9,29.248366327917115,0.25409341244667877,3.271934647758466,1,19.398053598672693,-0.0011781244175730957,1
8,33.44914616738236,0.34645002475290987,3.182450621899458,1,21.55886391679197,0.002061462589383409,1
8,30.18214939415523,0.2657768262273363,6.080455019197991,1,22.948602585295884,0.0005744522979709504,1
8,33.59791606021861,0.40760726622877264,9.647434853676272,1,17.76885411695811,0.002836640536965225,1
10,13.203081930494161,0.42042760383598254,8.9226688782624,1,6.414651888033279,0.0011284468500786368,1
9,32.2123689481667,0.23290637441797418,4.098743668939595,1,23.19259632906311,0.0013628895602572188,1
6,6.151438811865421,0.8059380773953515,3.050949796030345,1,16.346383223042373,-0.0029206098038507917,1
9,18.634048829077052,0.5123590447739953,3.412601045112569,1,5.37581433024763,0.0016097762147627385,1
2,3.0580613615838548,0.4914429965618243,6.895360562084451,1,5.685886224772732,-0.005065707310231303,1
5,15.520709655232922,0.58644097226059,5.106350919935254,1,7.124355090500595,0.0026298435473129634,1
5,22.754592356271786,0.51471291872796,10.040440978458932,0,8.002409676378111,-0.01102338461629717,1
8,30.78885961517683,0.4263000467985289,2.5948703735751804,1,24.6953623034548,0.004104163761959059,1
5,27.698851418855888,0.4221897611436312,5.122206899560897,0,20.88521411116417,0.004000414556113018,1
8,33.78506998644798,0.43766593472616216,3.6512828528879893,1,20.273932227275687,0.017278089954695385,1
2,-0.07703209442512282,0.5572903431457465,4.246290123031021,1,12.291711898369957,0.006747529844310196,0
3,16.9610730490568,0.5937166335764319,0.9115102996848422,1,13.533568430283946,-0.006033936914386887,1
6,18.257032918173973,0.6627333546018975,4.208886501327877,0,11.664351466376587,-0.006753184463924318,1
1,20.55842905548541,0.6275679532417877,5.065407004865776,1,4.269436628704112,0.00521272170111221,1
7,33.19200077446432,0.3185733472941348,11.316753029274498,1,17.66172108764083,0.004359028815104804,1
5,28.146104230626772,0.4425768032417524,4.363942221338671,0,19.894421710303277,0.005442089327634976,1
9,16.37482753473733,0.6206512126876578,4.008223477497366,1,12.448777414657592,0.0008232341118099965,1
6,22.75243691204495,0.49825153979376346,6.748881647991206,1,10.443176373978313,-0.016228353660074035,1
8,25.332885500743657,0.6292792230689752,3.236598827276503,1,15.020328593128983,-0.005762303421336045,1
8,19.94441356046253,0.29017523031575077,2.304512514777209,1,9.300108330186227,0.009910334310424375,1
10,19.225754501612037,0.7333432095504328,5.123282757050433,0,0.898970673989365,0.0038016552061465748,1
9,33.95797005033793,0.24555728188160697,0.8821968784002596,1,18.95097979045172,-0.0025585599672149637,1
8,30.610171413921044,0.3571013826377207,4.48856840932524,0,17.16082944650561,0.0021762259952060464,1
5,22.56116792180284,0.4946325770823362,13.887706986373587,1,6.270250299545438,0.001468967704895625,1
8,29.32327816922099,0.2889108090280118,10.901809157510327,1,20.128217075297897,-0.01072912829783566,1
10,23.67417353963481,0.47526673529038477,10.41342640616883,1,7.142548202115529,-0.0002339334041052625,1
9,33.17582879694264,0.1613839654822783,4.056205671499193,1,19.045900499904747,0.0009036520680751608,1
2,14.998303680985137,0.46056673657535885,6.8715363300315655,1,10.57958247101255,-0.010407025463943296,0
5,20.58977989308535,0.6013706607423627,7.111087990184679,1,5.336100919377799,-0.02009156944122916,1
6,20.93488858223267,0.4438052491996129,8.028164492319688,1,8.590623948558552,0.003998552291679808,1
8,34.596581859861615,0.4194634412603606,3.5843384145737667,1,20.679730184536737,0.01096612097096442,1
9,31.62794224137654,0.24607713787453578,1.0742618777503092,1,19.020436733371007,-0.0025439161449449864,1
4,25.740725910866228,0.24231237698223637,3.780513069829864,1,15.095283114573363,-0.0033009117260335394,1
9,34.71646580263884,0.5520997440789989,3.206311045677715,1,14.6507273674914,-0.00878763642165132,1
8,23.1056742332491,0.39241032206956894,8.694814123555838,0,9.76664287509467,0.0012361941212516133,1
4,25.61230914926679,0.3132389552048556,0.09794990652982438,1,20.302805780013216,0.00632816167656182,0
8,5.451307649184566,0.7293904105510572,5.395728507260198,1,22.04854942508323,-0.002545519078678614,1
9,30.01063656102173,0.352595773652595,12.740312268848381,0,17.58214903945014,0.0037496403591156216,1
6,22.464268090008638,0.6363302718401451,8.637620908648795,1,11.866410630332295,0.0018741542917297667,1
9,24.837696175372606,0.4348774776336742,5.504259589295759,0,19.04823290610004,-0.0036705375654999066,1
2,-6.238611449934826,0.6599630324308404,17.55942835182432,1,1.189141468227082,5.347263439595818,0
3,15.089349148406884,0.313604816121145,10.106379936662874,0,-1.0692875810602749,-0.006023689825500663,0
6,-2.5689053000271933,0.7178475439184312,7.943735201491574,1,3.665336193717214,-0.0033222227854346645,1
10,18.412217846419704,0.5571878990968089,7.087716396148329,1,8.696047896452788,-0.0042635436558811175,1
6,20.42212090771841,0.5783786736426987,2.602831398394893,1,7.063710436210857,-0.0038470992553828916,1
3,12.20364313615832,0.4207426218811843,10.552179907530814,1,-0.188248976680784,1.3344433682745556,0
6,22.206028509137774,0.34203910730046194,9.91019602326954,0,12.058683424494756,-0.011639752634657868,1
10,19.9691367972032,0.42606581032223,6.198304635982484,1,4.32817816344323,-0.010714366396474807,1
12,8.211395180073831,0.6691532619733875,9.399997916499341,1,-0.981684216639537,4.091861884059004,0
10,18.371521973660112,0.44150665706613756,4.301310232433827,1,4.59669261132013,-0.006490580192822422,1
6,25.19810592547858,0.7164474640669163,5.3450536155347566,0,16.65281717075497,-0.011315108480809688,0
6,21.32205901278099,0.7460561666726866,9.755326997082154,1,4.688445596341204,-0.005286606691236854,1
6,25.362563354722326,0.33152734823286023,6.061991592519195,0,15.22905538450584,-0.013067365113357397,1
3,18.998618743421652,0.552313267905249,8.253342714829824,1,2.459299141307401,-0.016150110343857486,0
9,28.479593177796165,0.32311489589004033,1.4536679361185283,1,14.457217376196287,0.0062012375348802036,1
6,19.84805958666721,0.29572191247369356,4.461745745147786,0,10.98951392372855,-0.013852180007355868,1
1,11.834266856900541,0.545734893885226,20.03050122762539,1,9.495526252239436,-0.002818931012098155,1
5,19.026624679495725,0.47168638811383956,2.582975810776083,1,7.16752066742737,0.004112056120033067,1
10,21.2059013363588,0.734580281971935,12.961992080537591,0,3.213521760644311,0.0006082559136114253,1
8,33.76103717681382,0.18753901995653108,3.7884615842495966,1,20.79227538925077,0.001734143117976288,1
6,15.257313142450972,0.662371416993589,6.3491475782213,0,9.86847013246976,-0.010241774380765024,1
10,15.89260955652112,0.34288435088142055,4.522634938857436,1,17.48785826723782,0.003517592780530348,1
8,28.02345490907153,0.38246787107224245,9.636921187694508,0,18.382753653970102,-0.008814053091981754,1
1,7.09833869129438,0.565560284734203,5.569081147921083,1,-0.41491299284163174,-0.008821877746003659,1
8,29.699642878086273,0.42253163795929827,1.2072368123115074,1,21.311639604104947,0.0018840336428329774,1
3,31.002880459725134,0.5945989368813636,9.36328327297408,1,5.207925184963917,-0.002777740753397873,1
10,20.53421598734828,0.607961310792615,5.573837098023278,1,5.646589660297108,-0.005486652821193612,1
8,33.108976922958995,0.4229102108859997,7.349049140816699,1,9.511625696107043,0.008201129395009539,1
9,15.410607239013585,0.29261444302917355,0.7731616669294707,0,15.079433738047767,-0.011642961323127294,1
3,8.741441536413467,0.4753895617881124,4.726319824750306,1,0.6829310820453668,-0.010655990995548733,1
3,15.990628489487063,0.5124327235773757,6.512448939156972,1,9.990704852116625,-0.015435310305742887,0
9,31.903488527631072,0.317662095800304,3.0081146869051105,0,16.275612311172917,-0.0007756715329678285,1
6,21.757588994437064,0.418962674661688,2.4305503908766015,1,10.216036930583321,-0.0020611211688829406,0
5,25.954998867681788,0.3873356191360752,2.852832781301161,0,21.544434886706735,-0.014133316247720084,1
8,30.9118665472915,0.32919927097956697,3.833228066462619,0,18.109286113658346,0.01210315249403102,1
8,27.96115611332074,0.3783310831243967,7.408822410517741,1,18.64407173293492,0.0008716001940328372,1
12,24.21047638985704,0.4253197630869306,2.079029325747589,1,9.557969955061559,-0.004200002999979829,1
6,15.084512036383543,0.8327531917154997,7.479390338507402,1,12.722623198602724,0.005109494783668126,0
7,30.47354737972435,0.22597040901723503,2.9709188841322063,1,16.83273328481514,0.005965513787465728,1
10,16.663508712661216,0.35706471446392896,1.6619525309557401,1,6.244263028603464,0.002301424086559284,1
9,29.546399440656437,0.1727952498435881,2.6527122413227184,0,18.829848416177423,0.01195069183469634,1
4,17.872771722750944,0.4211115080872319,4.1968606587099435,0,7.901519035140204,-0.009760228504164295,1
10,19.581361746340818,0.7493309715905707,3.321343962055004,1,14.693658768784317,0.0015388792919500214,1
7,14.811707631752624,0.3455141106074962,14.734280417681543,1,23.761259678176835,-0.0009679301353062562,1
7,4.067223103809361,0.5792087692443909,3.572072541549509,1,12.654498350064033,-0.0030260693430131155,1
11,5.7479619927481425,0.47271124380921137,12.296570551778581,1,6.189642424245148,0.008653099884848867,1
8,32.405751792539405,0.26807232730458624,1.2184575605676191,1,22.08612358547029,0.001119863044222486,1
4,2.170538276068175,0.36418726371430504,11.413715127432175,0,1.4571167404860486,4.4007957927167345,0
8,33.405396775562416,0.49585852034756955,4.7618985483250995,0,14.509157316143824,-0.0007168758027182653,1
9,33.248721649302624,0.17134856294286413,8.400453424093856,0,19.305663270455124,-0.0027650635726414355,1
10,19.68225702096188,0.28752713511415584,10.389021727550706,1,1.3683887774316563,-0.00737158521584942,1
11,5.700526324607101,0.5110822090115528,17.029854115750464,1,5.708817114426353,-0.004938243148134084,1
5,14.658076849504123,0.4935426718632909,8.55868524421531,0,3.0765867652117507,-0.015992039114204878,1
2,24.617245412450103,0.4571383591916607,4.286509439509865,1,7.281991027372433,0.006299602253582309,0
10,19.54535606969948,0.8165360318805205,3.19745257243669,0,5.056740483644823,-0.012512906002642184,1
9,35.27724444696274,0.19477507497534685,4.4675740572110065,1,15.367962094037546,0.001464479490441467,1
11,20.551294385573712,0.6846294819555735,8.59306110118816,1,1.0415290746251875,-0.0023064703772052325,1
6,16.20808091541556,0.6793095544188805,16.782269354652406,1,11.203903183555223,0.0007813579969568757,1
8,28.38275124031838,0.49666459441056876,3.3621989243222563,0,17.007730996958113,0.0009638872146825079,1
4,32.339227244003375,0.44771302474609215,3.9383235357335584,1,8.626493405095587,-0.008474404430586013,1
9,29.334318003374417,0.1619740456397413,0.2669061386391032,1,17.48844514456604,-0.0012906617504325338,1
5,20.68653832061355,0.5783915233684354,7.313162760472196,1,4.25951243130481,-0.003647279611600439,1
11,14.977104255989076,0.5750696909388083,5.688663425965679,1,7.0754757497687315,0.0025075772832160786,1
8,30.400274866153836,0.4402704220830979,5.906610598650243,0,15.124512967268508,-0.005800219302516345,1
7,30.525782559610295,0.2990906554502341,2.5342474586539296,0,20.819541980200704,-0.005846545800169509,1
7,8.096321405367043,0.5124582973546095,5.569592336429304,1,4.639362350145245,-0.000278796305382033,1
8,28.567413270923588,0.3529737931567094,11.88653160949972,0,14.256844757799152,0.000998691933468438,1
2,29.88263724711839,0.4633921919159991,4.830366835891608,0,18.331711006776832,0.0048305375659809,1
3,16.763718534151945,0.3064443319867731,6.666700858030632,1,12.750067220335765,-0.007428718569819608,0
8,29.891836521877032,0.4323874288029496,1.8496067351728847,1,21.8898014246444,-0.0025376583561289526,1
8,20.615250262969276,0.1558533753330415,1.2477577367587565,1,22.37326495605279,0.005022039283361824,1
12,21.02379118981595,0.3939832934267445,2.1140997374572885,1,7.880064120226301,0.003050015902180246,1
3,13.55595792973027,0.5925566999178075,8.41772445466215,1,4.399331970722343,-0.011390459866800588,1
8,28.892106183366103,0.7093051223451035,1.6312137667120112,1,24.22478591858572,0.0012245094295090012,1
9,18.928505812015587,0.4984883770252303,2.288135458407623,1,11.308319561474676,-0.0025810211895012617,1
6,26.426307599210652,0.6020061280765195,13.274875781604852,1,18.512673579996893,-0.01617601681579527,1
9,30.195106940934696,0.3215468977186501,2.6984193521414785,1,16.53552597598673,0.000770596528549782,1
5,10.761143839118548,0.4647011007547592,13.498965344746395,1,3.8854966283820787,-0.005605699112812386,1
8,31.57925245367796,0.8115313017031534,0.809873861501762,0,9.356418491518195,-0.003745471040169179,1
4,16.75464778418577,0.47498242055971507,7.033204985871912,1,10.196068321063327,0.002070391665755282,1
8,20.574222858477537,0.43003847954836016,3.214243810504537,1,17.076292555802162,-0.003427749625648783,1
2,-0.27650518182427497,0.305143198813437,19.284865926898277,1,-0.587296496622659,5.512853894111821,0
7,20.06060919746495,0.4443768161537111,4.472859358166994,0,7.296825212896972,-0.014205835347531238,1
5,21.636708524222097,0.6369649766199404,5.922887201331383,1,14.0564595373221,-0.005351376901084414,1
8,23.796328052330203,0.37778575800958203,1.117172312914685,1,19.159508695822716,0.008045626083333214,1
12,22.033379089240228,0.6059716360545243,3.5656601431310584,1,9.170366644957591,-0.012002541573862513,1
5,24.62941477832266,0.6193491683203981,6.779974357982666,1,8.462188729401992,-0.007354690636847246,0
8,19.822363286055474,0.7467641804523882,4.8675515285602104,1,21.16239065630075,-0.005751025054656143,1
8,31.056723349583095,0.34049870638370805,7.9206374395018715,0,21.415571113791415,-0.00336969863997238,1
6,24.917240982250444,0.6375993620948441,1.9863653702210056,1,2.8020448188864577,-0.0078072519251412556,1
8,32.840064282580926,0.3896829975191155,2.9212139118318357,1,21.867242431183495,-0.001870208839455613,1
11,16.951215249335828,0.3699965193081861,5.492124654124964,0,3.566024906989173,0.008619724205162735,0
6,27.250467915028786,0.6203175611600468,1.8011131555889794,1,19.040074796678397,-0.00941377316753009,1
10,24.617280455461163,0.5306338316118286,11.013934419031909,1,7.9602585945767546,-0.005593734436604296,1
11,6.3972736164468555,0.639716965882048,3.667657154284237,1,2.591148850406717,-0.0009670943126630019,0
5,34.7655166368055,0.5487460667884682,1.5506055066031066,1,19.603759011582927,0.0018069785730309119,1
8,38.07923765503105,0.27154036079013405,3.940318484283745,1,25.676870609910292,0.002823481770838156,1
9,30.99025098680555,0.2959717413691586,3.073839863476891,1,21.75433138995865,-0.004236139634790811,1
6,25.199796797098628,0.48919910796127486,3.1898743998837586,0,14.953435990361278,-0.013411487884196441,1
6,20.76100930953548,0.43214209004067317,3.842140486241905,1,15.130730237938966,-0.001743942998780629,1
6,27.1432919904724,0.619127229245101,4.5521770842283225,0,6.7425683856517935,-0.00974158006781234,1
3,16.144783245428535,0.7868878711274658,3.9362505240594694,1,4.507311003998614,0.0036330604293949758,1
7,16.86396243542182,0.5864219074822252,12.256872295550128,1,4.390031335891857,0.0029794235468519263,1
6,23.171087494079355,0.5162152539531648,1.3589394881094976,1,13.770238217965519,-0.005240488947744349,1
7,24.778578716058902,0.663289084877104,6.174650063761713,0,17.762426361252086,-0.0018474236049199533,1
9,34.67994991021486,0.371087617810807,2.925312419570038,1,19.494175867943596,0.004019160921540339,1
8,22.63927780927181,0.54507709087574,3.6220393279569842,1,13.2472482551721,-0.003171403949363541,1
2,3.539337567964475,0.5117178013146009,7.6353703488030416,1,0.37340398642067885,5.545577427405753,0
5,21.781788532713023,0.659409365726206,7.464901825745933,0,10.014469876900074,-0.021362824247594843,1
9,33.666508885608586,0.31261004712671403,1.7555253242047382,1,18.949128639865624,0.009509300641786346,1
9,29.665551221437266,0.2537646393599459,0.33146037415558127,0,20.470037802074557,0.005142278858898956,1
3,16.024642065053165,0.439265686545328,10.336061552786514,0,4.725446498615835,-0.0008908699272502362,1
9,29.32106939920031,0.5146900181146968,4.933694369106821,0,16.375773833515257,0.005662247994070469,1
1,31.743308397876504,0.29397101356669036,7.545083665574211,1,14.49191423210761,-0.003375162115177105,1
4,23.93621334530292,0.16163089112766793,6.56097760915734,1,2.4550795054346413,0.0008007681542700546,0
9,35.65283693735392,0.2819191042072943,2.3045518940066456,1,18.046482597014805,-0.0039633197088268825,1
6,31.269265450467465,0.5350939055962055,2.93777185007899,0,23.451257690063386,-0.009722024880762545,1
8,21.415181110245264,0.3667941462729016,1.6751475814471803,1,13.951254483990777,0.0041844067657145784,1
2,8.36626824503914,0.6712572750342365,4.1183768324588,1,6.967859915223933,-0.0014398394684906424,1
8,27.211131273003875,0.6900869046900686,8.482220542693705,1,16.953956686631358,0.004150906961932919,1
7,28.363522300487404,0.2514065684506484,5.850509101732568,0,23.349026437401292,-0.0055584364454387405,1
5,13.5371293994841,0.6234713787731926,4.416851044407373,1,5.755697444374624,-0.0023429868398085313,1
10,27.50911182172738,0.5595897135382297,1.8370585233399495,1,19.96759387563236,0.0025049102271634954,1
9,33.88921219269962,0.4643359015500612,0.991501015115114,1,21.411229560770977,0.00044552202074539933,1
8,30.356827315680412,0.31377685154716545,3.550878474388575,0,20.04790482991476,-0.01274259361141121,1
4,27.29247782757775,0.49743144727548505,4.143848227115878,1,12.217211266211411,-0.0010510687970402923,1
9,12.775033163999403,0.7955100058092978,6.462386157288332,1,9.865941400764708,0.0007113830381037078,1
6,6.239857440069853,0.27233008554694177,2.7860601594786005,1,13.804574329795365,0.0006508454901386308,1
12,3.131611328198538,0.5990798450260313,10.93787806002776,1,-0.7340079045644616,4.513410114583325,1
5,22.09039705289986,0.2701136546342057,6.541232448833744,1,11.9432494778481,0.00403195215138455,1
8,30.940729874559846,0.6683761065000533,5.994046012866702,1,19.888676326678635,0.004083647822169863,1
9,30.6929506082022,0.3419820931075266,4.274530953686828,1,18.205829600186032,-0.005304287120843824,1
10,21.18961945192702,0.3799879338660027,15.516483710089322,0,8.060990237967108,-0.011783180445040812,1
7,28.01171612011253,0.5905348253487923,6.5298938974515135,1,9.749175596564108,0.013879090230803855,1
9,29.182655261848303,0.5212007407693663,1.1980141148856913,1,11.260724867540198,-0.01090373624221503,1
6,28.213433508698866,0.4817126493505921,5.841071293575876,0,17.043807518198776,-0.008693393187121135,1
10,18.555585683475222,0.4527673774171761,8.347100936018782,0,5.9937150327171835,-0.01367244992903447,1
3,5.348896542106594,0.7000545310525312,4.766079379799665,1,5.514157921922842,-0.01189139167032085,0
11,12.353889603744905,0.6717616182865629,6.8286689183032045,1,-0.6573396710683337,0.007239696391084661,1
10,26.87969808416727,0.6513935648781458,1.691511680768314,0,16.555435619116402,-0.004027412072152768,1
8,32.78346581135692,0.27254804925268417,2.4451613787609148,1,23.72323989414312,0.0054074155839498456,1
8,25.551452240019515,0.49519160539666285,5.024003620038341,1,20.308217686539205,-0.009992213214701184,1
1,16.810815414053614,0.8486074943635988,19.901370932644507,1,2.7061006188022416,-0.004247099631225693,0
9,20.036062314987092,0.4427871096841431,2.9885783662775878,1,13.487094705742003,-0.00790146856165097,0
2,17.071183956075775,0.5588101487108492,5.8787415567540435,1,3.5765853952959046,-0.008531983502899227,0
5,26.89181461840922,0.765678969439705,2.5157077407697095,0,19.596973455813668,0.0038105699760074374,1
8,26.357589139304782,0.5375030788838445,3.249577001071582,1,8.014975751719852,-0.0069304288363327,1
8,32.21220184323247,0.3235490666286734,3.223946513755767,1,27.19673111385219,-0.008440927194821722,1
6,18.240073917637464,0.5020019832897495,3.92120471366128,1,8.871989321243333,-0.008799559588827464,1
8,32.62235115400788,0.33244164019992295,2.774935775184198,1,9.706320799023871,0.00045313038953834775,1
8,28.501569426704766,0.5937698014706,3.096375481635239,1,20.349801862930505,-0.006857160155944664,1
6,25.72889113811398,0.5582376818337159,6.336500485279371,1,13.939213068964207,-0.012882985217457472,1
7,30.448772910690682,0.3181382893178852,2.361406348671049,0,17.98022026040529,-0.004792853532241323,1
9,30.179990061645054,0.2805111333871831,2.7916122413545783,1,19.801885082464207,0.0023095159297868172,1
10,16.799655712817327,0.4544834027048914,3.0465390858338686,1,2.838526001671638,-0.014315507851935886,1
10,9.02529429587072,0.5467530810723885,18.86008229009331,1,1.5270201712014497,-0.010524204252124827,1
5,18.45987856390851,0.5646053927317942,12.528887457237781,1,8.375680833969506,-0.006386403000647,1
7,24.91265074063414,0.37592676659086366,1.4776929372733152,1,20.81592148966145,-0.004110311653952807,1
7,15.646448138971643,0.3515099625527944,14.899019985323537,0,4.564800876766534,-0.008550887441447818,1
10,20.438729761050936,0.4562039497470224,10.700867834702088,1,10.097380621124092,-0.006945630814032238,1
9,29.825117754818788,0.36040797904102706,1.225213937452866,1,18.334315616130322,0.0015097073084990797,1
7,26.525014734713885,0.326804749437695,8.02527254939758,0,18.684807079883907,-0.007595977400543055,1
9,32.47137469601679,0.544690430914752,4.204247677692031,0,20.114148996686595,0.001116175792884754,1
3,34.52936436376649,0.4712006058043581,8.869388916769868,0,22.159037879218946,0.002215880621224496,1
6,30.773207478004853,0.7461363891687965,5.241892827251333,0,12.69598500146779,0.012183473679846709,1
1,-3.626602556777371,0.5141322669227153,10.024689988010834,1,-0.6372354613037503,3.6141328645044593,0
3,18.649017248457987,0.5045049784645195,8.565857573198484,0,11.150714045287812,-0.011689734345124107,1
4,25.164622205935984,0.4380684305189553,4.52813026756418,1,10.628425272667936,-0.00290817543078122,1
10,10.268257622297101,0.5779319292100407,8.854724841521108,1,15.919898586945907,0.00026901510112331556,1
9,24.588558648977372,0.38831645243971435,2.161807812902288,1,7.145604500744835,-0.008904222799376929,1
5,22.384526111551242,0.7414499205666011,2.7782032704398483,0,15.889671028224267,0.005038461546000501,1
9,33.18344242175564,0.10162520580316314,2.0191250437627506,1,17.80402759078654,-0.006570308162181568,1
8,28.175312842458045,0.43783481330236673,1.4352076127000386,1,19.709092461583598,-0.0010087995050095796,1
9,34.57548292554263,0.23200167582503553,1.9453629759454925,1,20.160541020134747,0.006091094729113609,1
6,24.74677392426274,0.4853058977415382,12.285524572449058,1,7.454596889065706,-0.011357604863515171,1
10,22.728483628471725,0.40395024435768634,7.134826432558788,1,12.133475343208048,-0.003461234518418967,1
10,26.36334168638255,0.6232130081405597,9.199251696323591,0,3.7496703846634327,-0.0031588174436768873,1
6,19.583564284929587,0.8349456051283305,6.758610060314856,1,9.115546828150329,-0.00971331685006079,1
9,29.18845245879696,0.26798260005171476,1.0455148266308731,0,17.37690645964824,-0.002182240091096824,1
9,29.380199520651168,0.3045373124381369,2.7800260368545886,0,18.99557183817247,-0.0017658134226122447,1
6,16.891443126131335,0.5743662106547938,4.268713153431553,1,8.510189194602653,-0.00254348715111483,1
8,31.310321362755086,0.3329983702746936,1.6435559684849155,1,19.844879613317413,-0.0034521928034604065,1
6,12.362777659527604,0.632189362607875,1.208117183764541,0,10.523076116432504,-0.020354267611403323,1
4,25.173258266256322,0.5201848529468407,5.979409315792906,1,14.910457874874108,-0.010506862342778384,1
8,32.95312652105143,0.3439902979704691,6.7520637810851625,1,21.855361822897073,-0.006567660450143872,1
8,26.418141179802262,0.6772121862031482,2.2808733698557924,1,9.217753310148431,-0.00996941548715591,1
3,18.816016099452973,0.5751001180798295,3.3895060680683784,1,11.609595420817733,-0.014364611021725994,1
10,12.756937383957172,0.44331902790908295,12.722274131306667,1,3.5655489175343593,-0.009188972340521963,1
1,12.34685336890956,0.3172325388384816,19.762677604001492,1,4.510036380739365,-0.0013242561585370012,1
2,9.400504764159903,0.6749728810820239,9.159885048609507,1,4.9170346801242895,-0.0010404475223660926,0
8,28.24797493183679,0.5618090668057227,1.5070369744845813,1,18.78294932248447,-0.005121945600512645,1
8,35.22047977083108,0.5747709053184615,2.909702589156371,1,18.070770414216227,0.004612994774558602,1
1,-3.459206918425396,0.6699150840893741,4.931656750741747,1,-0.7653169575933703,2.9036809030189525,0
9,21.730249529630814,0.516678660099919,1.8707394040612135,1,21.967657572581103,-0.013093764857674805,1
7,25.47115925008953,0.23836262942454295,2.2951490141873405,1,20.41360152651348,0.013281353722782085,1
8,29.973271545217877,0.29881384716292003,2.181470888042921,0,18.210279142714693,0.004744532060790523,1
10,23.890417063291302,0.47327700078658036,7.570172084141233,1,23.07129187261954,-0.0070433342092253845,0
6,29.043413176117134,0.3091092699679992,1.747239511896895,0,17.008134796282384,0.00787707200961294,1
5,18.870522767077595,0.31049951831026185,21.45701281259079,1,4.3101572304090565,-0.004345783123173128,1
5,24.245720366087387,0.39371547665620665,5.08616019328639,1,8.14215778410876,0.004334196741993885,1
8,30.098306029925872,0.8154591471669518,2.9018651135664286,0,17.524772009902676,-0.015017058851853941,1
9,28.30906589251365,0.6507029925114133,3.3455630564696874,1,24.448980587627617,-0.0052106608797884806,1
9,27.443870270699268,0.13018011849370742,1.8237498392040719,1,11.003413780664927,0.0007134763224647126,1
8,21.66378286618632,0.3899942618927569,3.1011603854006484,1,20.07062187213245,-0.009824338599503827,1
9,31.102472375447675,0.3894967225639381,3.5445707556874115,1,12.066458857965944,0.0013774953997479646,1
9,33.55773589427577,0.5001054195259094,4.6346606694047505,1,26.891281909123116,0.0024198275926833658,1
1,7.654391702480017,0.7275296552610224,11.54352550107926,1,3.4007083629388584,-0.009864185658170373,1
5,18.325018554065718,0.4588804158616494,3.691146583075655,1,5.169996452966653,-0.0030109733543951475,1
5,18.86358605934356,0.7605025472536897,4.851225762620122,0,6.840555208709952,-0.013277691781226121,1
10,21.13894759161043,0.4414015804521464,4.755872242179495,1,8.352077757181032,-0.003494365576916838,1
8,9.968342506630089,0.3127596796563861,6.343469517614612,0,14.756008387752399,-0.014558539606974652,1
2,3.102007280751554,0.7171848428312683,21.665825773738938,1,-0.44907716444808443,5.377439770333778,0
8,24.582495166232572,0.4704534100258778,5.2146126706518,0,14.433661470212451,-0.014095659898739522,1
1,-2.3372313927507467,0.5940508819902734,17.328252984388946,1,0.2921018453438728,4.964652742996267,0
3,11.526754251299693,0.5816933160744925,3.316360648060848,1,3.002142367343637,-0.0044834307001075675,1
6,25.81310099434035,0.3998023785476081,2.3149211546060515,1,16.315164755430317,-0.0018368651982941372,1
8,22.726786026357892,0.18780684941100972,2.579025471171372,1,19.08665653160508,0.007965143697393465,1
3,9.116123461205556,0.47447232775103354,4.316074435852464,0,0.5678592873026038,4.309174207869154,0
9,31.824989109721972,0.18283847590234845,1.2842504348530452,1,21.102256189568447,0.007935445798537775,1
7,30.29270878997249,0.44035229919368946,3.094771347745759,1,20.307027812094322,0.0047994670480688345,1
6,21.042828055264504,0.7503459063701409,4.391014817968658,0,9.142561401640641,-0.012895645875201193,1
8,32.53798566288699,0.3159398367244034,10.49096947525944,0,20.544751483545486,-0.00048542431196674446,1
6,23.923269065664318,0.446705336242522,2.9734275621873842,0,23.333889960105054,0.003037537803577023,1
8,27.481033042588678,0.7765039936459457,2.574626949319814,0,20.269232655319584,-0.006205358335313889,1
8,31.70496066555527,0.4351534712849256,3.69701430073225,0,20.143782663648047,-0.0011679172257175767,1
9,27.94790157815367,0.30006496212699174,1.6177322732722714,0,14.783895305002046,0.005488730971530678,1
7,30.16551950936259,0.23219962334147404,2.580369087264812,1,23.40660158891445,0.007457377814613651,1
5,23.64471154490415,0.5718850506784107,8.9914451889278,0,5.964670929631386,-0.013496782093839402,1
3,9.871943818578709,0.47173705090490325,6.915608985606315,1,7.539232260806293,-0.005841492579280518,1
5,11.965425521545445,0.5554063462711065,5.054701331889806,1,5.899818784173435,-0.0037275089133454137,1
6,23.623163757427434,0.14736276389972747,1.2841099193657282,1,12.89648197253803,0.0011972281220131355,1
5,23.24207477369021,0.4794716042812148,3.9699556466792085,1,10.182248758825455,-0.011831569498281331,1
5,18.39071231809288,0.8229399199226598,12.540868927594827,1,11.898750908886397,0.0038992667172690065,0
8,27.006433546694804,0.7968510048049268,2.7938985085066785,1,20.575579657744978,0.003782663816530682,1
2,18.7837595637612,0.34310822544559394,3.4143279484993965,0,0.24265296177344647,0.004046307828432769,0
5,22.31065273839581,0.7247644579070915,4.208891781351662,1,4.042614736111785,-0.011383414615378519,1
8,19.222980144694084,0.6549348321425841,3.37128035731022,1,5.488287794235164,-0.0016395554404433086,1
6,24.676760654341038,0.4159226226543583,1.4539326727373085,1,13.635216776288319,0.001897170042442833,1
8,23.872734212204964,0.7471747375155144,3.0872713577901063,0,14.80012923158342,-0.002465724211267983,1
2,-1.7490617358346654,0.4387237773776298,15.254031275252935,0,-1.4241933123353832,7.714929770576791,0
6,27.003303311442938,0.3508213020865643,3.72552253467763,1,15.235124803389947,-0.011850625770947159,1
9,19.77311580205621,0.24426636365602925,7.530261290185656,1,18.56095096065766,0.001464200009726377,1
3,14.419921723719598,0.5523795566115423,15.44238614479187,1,20.02367227854123,-0.003811841967248661,1
11,15.917219514568352,0.771496835322285,15.13885533258609,0,10.110230181656743,-0.010306610682663449,1
6,21.43874461282788,0.5249139377585987,1.4185063080980527,0,13.515720242975242,0.00204238959220471,1
4,29.337163913438992,0.2608844511514079,4.7521486991392905,1,13.519187617025988,0.010278549245804902,1
2,12.696652824043454,0.5027416652087017,6.744530453595202,1,17.032430105012523,0.007972532305079784,1
11,13.084713615707459,0.5531149674439532,13.064964002890715,1,0.07834469018489099,0.0035243514987319,0
6,12.41568374147904,0.6259330737481854,6.162888215839731,0,10.01228104853049,-0.002909850904570675,1
4,15.366739036533431,0.7385621145106436,2.368534426253801,1,13.483290494373144,-0.0009224308965397563,0
10,23.445616927723062,0.4488385949596857,9.077858970448725,1,15.420066811204801,0.008925332236360594,1
8,32.15234632583531,0.44761731192112386,6.758350694157401,1,19.00334098957707,-0.005106006938246151,1
4,4.42174426825415,0.7686996557530763,3.8471069424197024,1,-0.008033596328467674,-0.005577939242448215,1
11,16.61415336693792,0.910227918843289,5.319843124008305,1,12.060728763023024,-0.01212835182268687,1
5,24.138616597661567,0.4766486858851867,4.499548355042459,1,12.765917662137552,-0.004552893848566843,1
6,22.148307528477257,0.3957203574803005,3.1495099980369416,0,20.83811330827499,-0.0097568940795981,1
5,20.998852829339075,0.4801463347970185,13.707696108417617,0,12.58571363833163,-0.010109195338731362,1
10,22.638720809989582,0.5467688181451766,5.259938353887973,1,1.8976386419232587,-0.01313283654374462,1
10,25.98839362655084,0.2541327207602099,4.271680867741641,1,8.809788844941602,-0.004401541843085389,1
6,24.211234739784697,0.4961364731518937,1.1695251472604442,0,13.479263247311525,0.0054769371674540926,1
7,20.93422925806675,0.7229233738111221,3.269815960964319,1,21.473115767103415,-0.002427287855187122,1
8,15.309824608755205,0.5500869606387399,3.7601588518867564,1,13.262215623824355,-0.0003255452984853517,1
6,30.437836275256736,0.5348560652721775,3.914864265905168,0,13.184599378948505,3.0913894308819084e-05,1
10,27.88529891627144,0.4481991637220992,11.415803061985592,1,11.066058890265941,0.0035621424498160532,0
7,32.621253721603196,0.39825429742776225,1.8958232288172334,0,18.019706753426135,-0.007782472242070656,1
9,31.348225531978912,0.7324184486727126,3.708512861386347,1,12.604068109313666,0.011285193242524444,1
2,15.598945657427349,0.8056381959099796,7.233953300255196,1,3.226899622594629,-0.008912003123364714,1
5,24.584197889304477,0.6392147867488001,10.494477354451096,0,14.554581204616305,-0.005231835725084775,1
12,14.422897455173535,0.40599450300341866,11.428978347418838,1,8.6589439586133,-0.0027688838140815172,1
7,10.185566244125189,0.7772420186074738,1.7950064484339618,1,5.0707165144983115,0.001828755500790572,0
5,22.778265569139077,0.31957254780869376,4.2744576242160806,0,11.388428168216082,-0.011356976989031955,1
3,19.57819586317842,0.6581396037298913,2.2199182392474466,1,11.46807805106188,-0.0055603950269460765,0
6,17.795908980947736,0.2890278509413589,3.0424154816420375,1,17.999240193776835,0.0015857937670556961,1
5,7.768722751130115,0.5667018552161643,3.4832197035242665,0,3.598596221403792,0.0011259170156316602,1
7,17.752163843859293,0.3876634652818054,4.723445196914868,1,18.322120465783186,-0.006163660296222817,1
4,25.64165345614579,0.7684149450781769,3.1848109093559156,1,14.103896466791888,-0.007403229606203141,1
9,27.44411826057369,0.46726915314879003,1.0898209103835619,1,14.59281485509269,0.004181970628839712,1
9,19.243824623285004,0.6171424730084596,2.8884841989458225,1,7.185288860232259,-0.0011880796334846923,1
4,15.578386832831065,0.6607490842544332,0.20925416343158432,1,2.867904819878558,-0.002034975516261082,0
10,20.271787829826454,0.26628988608221804,1.3398055016981418,1,14.259812911129087,-0.00968986545601245,1
9,30.21376419271086,0.22629151116906798,1.034382717246084,1,20.724384725010097,-0.0077329789679803215,1
8,30.16501862582264,0.38153322054596017,1.982057903204827,0,19.783882934832207,0.012556723701102269,1
8,32.08074366157164,0.3485345399119733,9.976938367026102,0,20.40061508862746,0.0007817210498612834,1
8,16.29334783178381,0.35932158193309677,7.935321603224324,1,16.933040482740275,0.0004599630834843319,1
3,22.831308967247594,0.4227838988767253,4.1604319991604735,1,7.743982773461596,-0.003846983191293568,1
9,33.115928728229974,0.22184360199489642,3.6475320386240355,1,27.944750180194667,0.007947815490057568,1
8,32.95493308145259,0.26168193183786503,3.3093289386596956,0,19.69568107996527,0.008589177587653865,1
4,24.589468696037475,0.4237605877967049,5.335426513717037,1,4.06254416379878,-0.008061604764892797,0
5,25.636136198352297,0.7345336855292036,3.8662922744604766,0,9.503282717719602,0.006012772021835961,1
9,32.827117100280105,0.5871624354800883,2.2871943700257216,1,14.693993887399142,0.0013015297405343162,1
3,6.739070928636899,0.3979805506449023,9.512754343374588,1,0.07807814515403577,-0.0035989344853937263,1
4,27.21843127825875,0.6779962726603925,1.8987337302377065,1,13.459987284806385,-0.0002609940185562813,1
8,29.270141870899327,0.31880728846711237,2.932576555349611,0,19.354544962587582,0.003756843989659581,1
5,29.500595421708674,0.6042882967059806,4.679205128316363,0,21.40677485042006,-0.010834773217140653,1
10,17.81407773996765,0.26900140867394595,1.8577315506415957,1,11.372965171220871,-0.005751504625025224,1
7,30.086424309911976,0.25946221507134565,1.9201424017272277,0,15.264877997918399,-0.006625604640738085,1
4,16.389515117013318,0.7750736274929951,9.11387668333798,1,7.591641668505126,0.006134798097747996,1
9,34.462348419293086,0.3862196362699636,1.5550207079737364,1,21.372864864460585,0.0005751884787875197,1
3,7.884959369937506,0.8056158220772275,2.856302376634834,1,16.013634837496934,-0.009348480669280575,0
3,6.017045667554216,0.7425585066551177,4.979837225139688,1,6.7588831533651526,-0.009193026523642088,0
2,-0.6393967637220275,0.4218706893013492,19.73531011033329,1,0.4285270988873311,4.088300933561601,0
11,4.758306177017365,0.6558830590935231,6.49025058069452,1,3.1001354518748667,0.011165686724551477,1
7,18.355978461375393,0.4928097924404456,4.2177113639997525,0,16.43371916174885,-0.008045319522359573,1
7,27.76342088085866,0.42584504246808946,6.937046579477232,1,14.451031297178682,0.006258806532185666,1
8,35.4744384696533,0.2401186331606421,3.9970850840356356,1,26.709683219245505,-0.00011369170022274206,1
8,17.69192513103058,0.20453120186622556,3.819302161648638,1,13.243592432549587,-9.095663922569636e-05,1
7,32.2169521834992,0.4266649935412234,2.934032550421754,1,20.059055996956175,-0.002780579084582271,1
9,18.08580348162637,0.21993717414505318,2.1183399952392783,1,22.408791965718997,0.004303490133361886,1
9,31.23101657106513,0.35902383742619226,3.069936416318031,0,17.27387054893672,0.004461258306781263,1
6,16.095250155916887,0.5328520970018729,6.7483758860726635,0,11.638268777241594,-0.008759631930098887,1
4,22.06847046144157,0.4815818017383302,5.880151319337145,1,4.762375441669205,-0.007980628300572801,0
9,29.587013289890944,0.21871148035415092,5.705824676290371,1,22.772901125429662,-0.0023396074807077553,1
8,26.985237202866248,0.25802345901252616,5.3969637330809475,1,21.260204117224387,-0.001871054737106621,1
10,18.69445056865295,0.45763518323223745,2.646218621592359,1,7.480126978298554,0.0020884525276550344,1
2,13.693978749442408,0.38154970552120937,4.098790342378718,1,6.054884919888841,0.005604168395372045,0
3,15.385835140019422,0.5859083622044446,9.647570000588397,1,18.464148337872153,0.0006532043517040255,1
2,9.046887770342524,0.7955782514455857,8.64467035769234,1,1.382511998968749,-0.0028617884830815336,0
